DuinoDCX macOS Native
=====================
Serial port: /dev/cu.usbserial-1430
  (set DUINODCX_SERIAL_PORT env var to change)
HTTP port:   3000

Serial port /dev/cu.usbserial-1430 opened at 38400 baud
HTTP server started on http://localhost:3000
Press Ctrl+C to exit

23: Started receiving data from device
1001: Pinging selected device.
1004: Started receiving data from device
2001: Pinging selected device.
2004: Started receiving data from device
2712: HTTP GET / 2735: HTTP GET /assets/index-BOshQpPo.js 2914: HTTP GET /api/events 2914: Syncing selected device.
SSE client connected (slot 0, socket 5, id al7nobz5tquul5k7bqqqkb)
3001: Pinging selected device.
3230: Received end of data from device
3230: Started receiving data from device
3500: Received end of data from device
3500: Received state part 1
3500: Started receiving data from device
3507: Received end of data from device
3507: Received ping response
4001: Pinging selected device.
4006: Started receiving data from device
4013: Received end of data from device
4013: Received ping response
5000: Searching for devices.
5002: Pinging selected device.
5004: Started receiving data from device
5015: Received end of data from device
5015: Received search response
5015: Started receiving data from device
5019: Received end of data from device
5019: Received ping response
6002: Pinging selected device.
6006: Started receiving data from device
6013: Received end of data from device
6013: Received ping response
7002: Pinging selected device.
7006: Started receiving data from device
7017: Received end of data from device
7017: Received ping response
8002: Pinging selected device.
8005: Started receiving data from device
8012: Received end of data from device
8012: Received ping response
9002: Pinging selected device.
9006: Started receiving data from device
9013: Received end of data from device
9013: Received ping response
10000: Searching for devices.
10002: Pinging selected device.
10004: Started receiving data from device
10011: Received end of data from device
10011: Received search response
10011: Started receiving data from device
10018: Received end of data from device
10018: Received ping response
11002: Pinging selected device.
11006: Started receiving data from device
11013: Received end of data from device
11013: Received ping response
12002: Pinging selected device.
12006: Started receiving data from device
12013: Received end of data from device
12013: Received ping response
13002: Pinging selected device.
13006: Started receiving data from device
13013: Received end of data from device
13013: Received ping response
14002: Pinging selected device.
14006: Started receiving data from device
14012: Received end of data from device
14012: Received ping response
15000: Searching for devices.
15002: Pinging selected device.
15004: Started receiving data from device
15014: Received end of data from device
15014: Received search response
15014: Started receiving data from device
15021: Received end of data from device
15021: Received ping response
16002: Pinging selected device.
16006: Started receiving data from device
16013: Received end of data from device
16013: Received ping response
17002: Pinging selected device.
17006: Started receiving data from device
17013: Received end of data from device
17013: Received ping response
18003: Pinging selected device.
18006: Started receiving data from device
18013: Received end of data from device
18013: Received ping response
19003: Pinging selected device.
19007: Started receiving data from device
19014: Received end of data from device
19014: Received ping response
20000: Searching for devices.
20003: Pinging selected device.
20004: Started receiving data from device
20011: Received end of data from device
20011: Received search response
20011: Started receiving data from device
20018: Received end of data from device
20018: Received ping response
21003: Pinging selected device.
21006: Started receiving data from device
21013: Received end of data from device
21013: Received ping response
22003: Pinging selected device.
22007: Started receiving data from device
22014: Received end of data from device
22014: Received ping response
23004: Pinging selected device.
23007: Started receiving data from device
23014: Received end of data from device
23014: Received ping response
24004: Pinging selected device.
24008: Started receiving data from device
24014: Received end of data from device
24014: Received ping response
25000: Searching for devices.
25004: Started receiving data from device
25004: Pinging selected device.
25010: Received end of data from device
25010: Received search response
25010: Started receiving data from device
25018: Received end of data from device
25018: Received ping response
26004: Pinging selected device.
26007: Started receiving data from device
26014: Received end of data from device
26014: Received ping response
27004: Pinging selected device.
27008: Started receiving data from device
27015: Received end of data from device
27015: Received ping response
28004: Pinging selected device.
28007: Started receiving data from device
28014: Received end of data from device
28014: Received ping response
29004: Pinging selected device.
29007: Started receiving data from device
29015: Received end of data from device
29015: Received ping response
30000: Searching for devices.
30003: Started receiving data from device
30005: Pinging selected device.
30010: Received end of data from device
30010: Received search response
30010: Started receiving data from device
30018: Received end of data from device
30018: Received ping response
30596: HTTP GET / 30640: HTTP GET /assets/index-BOshQpPo.js 31005: Pinging selected device.
31008: Started receiving data from device
31015: Received end of data from device
31015: Received ping response
31075: HTTP GET /api/events 31075: Syncing selected device.
SSE client connected (slot 1, socket 6, id gvi3in1cj7v7gqzxwtn8p6)
31100: Started receiving data from device
31391: Received end of data from device
31391: Received state part 0
31391: Started receiving data from device
31464: HTTP POST /api/sysex 31652: Received end of data from device
31652: Received state part 1
31681: Started receiving data from device
31733: HTTP POST /api/sysex 31790: HTTP POST /api/sysex 31957: Received end of data from device
31957: Received page dump, slot=0
31957: Started receiving data from device
32023: Pinging selected device.
32028: HTTP POST /api/sysex 32047: HTTP POST /api/sysex 32262: Received end of data from device
32262: Received page dump, slot=0
32262: Started receiving data from device
32306: HTTP POST /api/sysex 32321: HTTP POST /api/sysex 32671: Received end of data from device
32671: Received page dump, slot=1
32671: Started receiving data from device
32671: Received end of data from device
32671: Received ping response
32671: Started receiving data from device
32746: HTTP POST /api/sysex 32750: HTTP POST /api/sysex 32851: Received end of data from device
32851: Received page dump, slot=1
32851: Started receiving data from device
33003: HTTP POST /api/sysex 33009: HTTP POST /api/sysex 33043: Pinging selected device.
33140: Received end of data from device
33140: Received page dump, slot=2
33140: Started receiving data from device
33260: HTTP POST /api/sysex 33270: HTTP POST /api/sysex 33432: Received end of data from device
33432: Received page dump, slot=3
33432: Started receiving data from device
33519: HTTP POST /api/sysex 33528: HTTP POST /api/sysex 33722: Received end of data from device
33722: Received page dump, slot=2
33722: Started receiving data from device
33776: HTTP POST /api/sysex 33786: HTTP POST /api/sysex 34013: Received end of data from device
34013: Received page dump, slot=4
34013: Started receiving data from device
34040: HTTP POST /api/sysex 34045: Pinging selected device.
34053: HTTP POST /api/sysex 34296: HTTP POST /api/sysex 34303: Received end of data from device
34303: Received page dump, slot=3
34303: Started receiving data from device
34333: HTTP POST /api/sysex 34554: HTTP POST /api/sysex 34589: HTTP POST /api/sysex 34593: Received end of data from device
34593: Received page dump, slot=5
34593: Started receiving data from device
34850: HTTP POST /api/sysex 34884: Received end of data from device
34884: Received page dump, slot=4
34884: Started receiving data from device
34899: Received end of data from device
34899: Received ping response
34899: Started receiving data from device
35001: Searching for devices.
35045: Pinging selected device.
35182: Received end of data from device
35182: Received page dump, slot=6
35182: Started receiving data from device
35473: Received end of data from device
35473: Received page dump, slot=5
35473: Started receiving data from device
35765: Received end of data from device
35765: Received page dump, slot=7
35765: Started receiving data from device
36045: Pinging selected device.
36056: Received end of data from device
36056: Received page dump, slot=6
36056: Started receiving data from device
36347: Received end of data from device
36347: Received page dump, slot=8
36347: Started receiving data from device
36639: Received end of data from device
36639: Received page dump, slot=7
36639: Started receiving data from device
36930: Received end of data from device
36930: Received page dump, slot=9
36930: Started receiving data from device
36948: Received end of data from device
36948: Received ping response
36948: Started receiving data from device
37046: Pinging selected device.
37227: Received end of data from device
37227: Received page dump, slot=8
37227: Started receiving data from device
37518: Received end of data from device
37518: Received page dump, slot=10
37521: Started receiving data from device
37818: Received end of data from device
37818: Received page dump, slot=9
37818: Started receiving data from device
38041: Received end of data from device
38041: Received page dump, slot=11
38041: Started receiving data from device
38065: Received end of data from device
38065: Received search response
38065: Started receiving data from device
38065: Received end of data from device
38065: Received ping response
38065: Started receiving data from device
38065: Received end of data from device
38065: Received ping response
38065: Started receiving data from device
38065: Received end of data from device
38065: Received ping response
38065: Pinging selected device.
38090: Started receiving data from device
38090: Received end of data from device
38090: Received ping response
39065: Pinging selected device.
39069: Started receiving data from device
39075: Received end of data from device
39075: Received ping response
40001: Searching for devices.
40004: Started receiving data from device
40011: Received end of data from device
40011: Received search response
40066: Pinging selected device.
40069: Started receiving data from device
40076: Received end of data from device
40076: Received ping response
41066: Pinging selected device.
41070: Started receiving data from device
41076: Received end of data from device
41076: Received ping response
42078: Pinging selected device.
42086: Started receiving data from device
42089: Received end of data from device
42089: Received ping response
43078: Pinging selected device.
43082: Started receiving data from device
43089: Received end of data from device
43089: Received ping response
44079: Pinging selected device.
44085: Started receiving data from device
44092: Received end of data from device
44092: Received ping response
45001: Searching for devices.
45005: Started receiving data from device
45011: Received end of data from device
45011: Received search response
45079: Pinging selected device.
45084: Started receiving data from device
45090: Received end of data from device
45090: Received ping response
46079: Pinging selected device.
46083: Started receiving data from device
46089: Received end of data from device
46089: Received ping response
47079: Pinging selected device.
47083: Started receiving data from device
47089: Received end of data from device
47089: Received ping response
48079: Pinging selected device.
48083: Started receiving data from device
48089: Received end of data from device
48089: Received ping response
49079: Pinging selected device.
49083: Started receiving data from device
49090: Received end of data from device
49090: Received ping response
50001: Searching for devices.
50004: Started receiving data from device
50011: Received end of data from device
50011: Received search response
50079: Pinging selected device.
50083: Started receiving data from device
50091: Received end of data from device
50091: Received ping response
51079: Pinging selected device.
51083: Started receiving data from device
51090: Received end of data from device
51090: Received ping response
52079: Pinging selected device.
52083: Started receiving data from device
52090: Received end of data from device
52090: Received ping response
53079: Pinging selected device.
53082: Started receiving data from device
53090: Received end of data from device
53090: Received ping response
54079: Pinging selected device.
54083: Started receiving data from device
54090: Received end of data from device
54090: Received ping response
55001: Searching for devices.
55005: Started receiving data from device
55012: Received end of data from device
55012: Received search response
55079: Pinging selected device.
55082: Started receiving data from device
55090: Received end of data from device
55090: Received ping response
56079: Pinging selected device.
56083: Started receiving data from device
56090: Received end of data from device
56090: Received ping response
57079: Pinging selected device.
57083: Started receiving data from device
57089: Received end of data from device
57089: Received ping response
58079: Pinging selected device.
58083: Started receiving data from device
58090: Received end of data from device
58090: Received ping response
59079: Pinging selected device.
59084: Started receiving data from device
59090: Received end of data from device
59090: Received ping response
60001: Searching for devices.
60005: Started receiving data from device
60012: Received end of data from device
60012: Received search response
60079: Pinging selected device.
60083: Started receiving data from device
60090: Received end of data from device
60090: Received ping response
61080: Pinging selected device.
61084: Started receiving data from device
61090: Received end of data from device
61090: Received ping response
62080: Pinging selected device.
62084: Started receiving data from device
62091: Received end of data from device
62091: Received ping response
63080: Pinging selected device.
63084: Started receiving data from device
63091: Received end of data from device
63091: Received ping response
64080: Pinging selected device.
64084: Started receiving data from device
64091: Received end of data from device
64091: Received ping response
65001: Searching for devices.
65005: Started receiving data from device
65012: Received end of data from device
65012: Received search response
65080: Pinging selected device.
65085: Started receiving data from device
65091: Received end of data from device
65091: Received ping response
66081: Pinging selected device.
66084: Started receiving data from device
66091: Received end of data from device
66091: Received ping response
67081: Pinging selected device.
67084: Started receiving data from device
67091: Received end of data from device
67091: Received ping response
68081: Pinging selected device.
68085: Started receiving data from device
68092: Received end of data from device
68092: Received ping response
69081: Pinging selected device.
69085: Started receiving data from device
69091: Received end of data from device
69091: Received ping response
70001: Searching for devices.
70004: Started receiving data from device
70011: Received end of data from device
70011: Received search response
70082: Pinging selected device.
70085: Started receiving data from device
70092: Received end of data from device
70092: Received ping response
71082: Pinging selected device.
71086: Started receiving data from device
71093: Received end of data from device
71093: Received ping response
72082: Pinging selected device.
72086: Started receiving data from device
72092: Received end of data from device
72092: Received ping response
73082: Pinging selected device.
73085: Started receiving data from device
73092: Received end of data from device
73092: Received ping response
74082: Pinging selected device.
74086: Started receiving data from device
74093: Received end of data from device
74093: Received ping response
75002: Searching for devices.
75005: Started receiving data from device
75012: Received end of data from device
75012: Received search response
75082: Pinging selected device.
75086: Started receiving data from device
75093: Received end of data from device
75093: Received ping response
76082: Pinging selected device.
76085: Started receiving data from device
76093: Received end of data from device
76093: Received ping response
77082: Pinging selected device.
77086: Started receiving data from device
77093: Received end of data from device
77093: Received ping response
78082: Pinging selected device.
78086: Started receiving data from device
78094: Received end of data from device
78094: Received ping response
79082: Pinging selected device.
79086: Started receiving data from device
79093: Received end of data from device
79093: Received ping response
80002: Searching for devices.
80006: Started receiving data from device
80013: Received end of data from device
80013: Received search response
80083: Pinging selected device.
80086: Started receiving data from device
80093: Received end of data from device
80093: Received ping response
81083: Pinging selected device.
81087: Started receiving data from device
81094: Received end of data from device
81094: Received ping response
82083: Pinging selected device.
82086: Started receiving data from device
82093: Received end of data from device
82093: Received ping response
83083: Pinging selected device.
83088: Started receiving data from device
83094: Received end of data from device
83094: Received ping response
84084: Pinging selected device.
84087: Started receiving data from device
84094: Received end of data from device
84094: Received ping response
85002: Searching for devices.
85005: Started receiving data from device
85013: Received end of data from device
85013: Received search response
85084: Pinging selected device.
85088: Started receiving data from device
85095: Received end of data from device
85095: Received ping response
86084: Pinging selected device.
86087: Started receiving data from device
86094: Received end of data from device
86094: Received ping response
87084: Pinging selected device.
87087: Started receiving data from device
87096: Received end of data from device
87096: Received ping response
88084: Pinging selected device.
88088: Started receiving data from device
88095: Received end of data from device
88095: Received ping response
89084: Pinging selected device.
89087: Started receiving data from device
89095: Received end of data from device
89095: Received ping response
90002: Searching for devices.
90006: Started receiving data from device
90013: Received end of data from device
90013: Received search response
90084: Pinging selected device.
90088: Started receiving data from device
90095: Received end of data from device
90095: Received ping response
91084: Pinging selected device.
91088: Started receiving data from device
91095: Received end of data from device
91095: Received ping response
92085: Pinging selected device.
92089: Started receiving data from device
92096: Received end of data from device
92096: Received ping response
93085: Pinging selected device.
93089: Started receiving data from device
93096: Received end of data from device
93096: Received ping response
94086: Pinging selected device.
94090: Started receiving data from device
94097: Received end of data from device
94097: Received ping response
95002: Searching for devices.
95006: Started receiving data from device
95012: Received end of data from device
95012: Received search response
95086: Pinging selected device.
95089: Started receiving data from device
95097: Received end of data from device
95097: Received ping response
96086: Pinging selected device.
96090: Started receiving data from device
96097: Received end of data from device
96097: Received ping response
97086: Pinging selected device.
97090: Started receiving data from device
97097: Received end of data from device
97097: Received ping response
98086: Pinging selected device.
98091: Started receiving data from device
98098: Received end of data from device
98098: Received ping response
99086: Pinging selected device.
99090: Started receiving data from device
99097: Received end of data from device
99097: Received ping response
100002: Searching for devices.
100005: Started receiving data from device
100012: Received end of data from device
100012: Received search response
100086: Pinging selected device.
100090: Started receiving data from device
100097: Received end of data from device
100097: Received ping response
101087: Pinging selected device.
101091: Started receiving data from device
101097: Received end of data from device
101097: Received ping response
102087: Pinging selected device.
102091: Started receiving data from device
102098: Received end of data from device
102098: Received ping response
103087: Pinging selected device.
103090: Started receiving data from device
103097: Received end of data from device
103097: Received ping response
104087: Pinging selected device.
104092: Started receiving data from device
104099: Received end of data from device
104099: Received ping response
105002: Searching for devices.
105006: Started receiving data from device
105013: Received end of data from device
105013: Received search response
105087: Pinging selected device.
105091: Started receiving data from device
105098: Received end of data from device
105098: Received ping response
106087: Pinging selected device.
106091: Started receiving data from device
106098: Received end of data from device
106098: Received ping response
107087: Pinging selected device.
107090: Started receiving data from device
107097: Received end of data from device
107097: Received ping response
108087: Pinging selected device.
108091: Started receiving data from device
108098: Received end of data from device
108098: Received ping response
109087: Pinging selected device.
109090: Started receiving data from device
109097: Received end of data from device
109097: Received ping response
110002: Searching for devices.
110006: Started receiving data from device
110013: Received end of data from device
110013: Received search response
110087: Pinging selected device.
110091: Started receiving data from device
110098: Received end of data from device
110098: Received ping response
111087: Pinging selected device.
111091: Started receiving data from device
111098: Received end of data from device
111098: Received ping response
112087: Pinging selected device.
112091: Started receiving data from device
112098: Received end of data from device
112098: Received ping response
113087: Pinging selected device.
113090: Started receiving data from device
113098: Received end of data from device
113098: Received ping response
114087: Pinging selected device.
114091: Started receiving data from device
114098: Received end of data from device
114098: Received ping response
115002: Searching for devices.
115006: Started receiving data from device
115013: Received end of data from device
115013: Received search response
115088: Pinging selected device.
115091: Started receiving data from device
115098: Received end of data from device
115098: Received ping response
116088: Pinging selected device.
116092: Started receiving data from device
116099: Received end of data from device
116099: Received ping response
117088: Pinging selected device.
117091: Started receiving data from device
117099: Received end of data from device
117099: Received ping response
118088: Pinging selected device.
118091: Started receiving data from device
118098: Received end of data from device
118098: Received ping response
119091: Pinging selected device.
119098: Started receiving data from device
119098: Received end of data from device
119098: Received ping response
120002: Searching for devices.
120005: Started receiving data from device
120012: Received end of data from device
120012: Received search response
120091: Pinging selected device.
120094: Started receiving data from device
120102: Received end of data from device
120102: Received ping response
121091: Pinging selected device.
121095: Started receiving data from device
121101: Received end of data from device
121101: Received ping response
122091: Pinging selected device.
122095: Started receiving data from device
122102: Received end of data from device
122102: Received ping response
123091: Pinging selected device.
123095: Started receiving data from device
123102: Received end of data from device
123102: Received ping response
124091: Pinging selected device.
124094: Started receiving data from device
124101: Received end of data from device
124101: Received ping response
125002: Searching for devices.
125006: Started receiving data from device
125014: Received end of data from device
125014: Received search response
125091: Pinging selected device.
125096: Started receiving data from device
125102: Received end of data from device
125102: Received ping response
126091: Pinging selected device.
126095: Started receiving data from device
126102: Received end of data from device
126102: Received ping response
127091: Pinging selected device.
127095: Started receiving data from device
127102: Received end of data from device
127102: Received ping response
128091: Pinging selected device.
128094: Started receiving data from device
128101: Received end of data from device
128101: Received ping response
129091: Pinging selected device.
129095: Started receiving data from device
129101: Received end of data from device
129101: Received ping response
130002: Searching for devices.
130006: Started receiving data from device
130013: Received end of data from device
130013: Received search response
130091: Pinging selected device.
130096: Started receiving data from device
130101: Received end of data from device
130101: Received ping response
131092: Pinging selected device.
131095: Started receiving data from device
131103: Received end of data from device
131103: Received ping response
132092: Pinging selected device.
132096: Started receiving data from device
132103: Received end of data from device
132103: Received ping response
133092: Pinging selected device.
133095: Started receiving data from device
133102: Received end of data from device
133102: Received ping response
134092: Pinging selected device.
134096: Started receiving data from device
134103: Received end of data from device
134103: Received ping response
135002: Searching for devices.
135006: Started receiving data from device
135013: Received end of data from device
135013: Received search response
135093: Pinging selected device.
135097: Started receiving data from device
135103: Received end of data from device
135103: Received ping response
136093: Pinging selected device.
136097: Started receiving data from device
136104: Received end of data from device
136104: Received ping response
137093: Pinging selected device.
137097: Started receiving data from device
137103: Received end of data from device
137103: Received ping response
138093: Pinging selected device.
138097: Started receiving data from device
138104: Received end of data from device
138104: Received ping response
139093: Pinging selected device.
139098: Started receiving data from device
139104: Received end of data from device
139104: Received ping response
140003: Searching for devices.
140006: Started receiving data from device
140013: Received end of data from device
140013: Received search response
140094: Pinging selected device.
140097: Started receiving data from device
140104: Received end of data from device
140104: Received ping response
141094: Pinging selected device.
141098: Started receiving data from device
141105: Received end of data from device
141105: Received ping response
142094: Pinging selected device.
142098: Started receiving data from device
142105: Received end of data from device
142105: Received ping response
143094: Pinging selected device.
143098: Started receiving data from device
143104: Received end of data from device
143104: Received ping response
144094: Pinging selected device.
144098: Started receiving data from device
144105: Received end of data from device
144105: Received ping response
145004: Searching for devices.
145007: Started receiving data from device
145014: Received end of data from device
145014: Received search response
145094: Pinging selected device.
145098: Started receiving data from device
145105: Received end of data from device
145105: Received ping response
146094: Pinging selected device.
146098: Started receiving data from device
146105: Received end of data from device
146105: Received ping response
147095: Pinging selected device.
147099: Started receiving data from device
147105: Received end of data from device
147105: Received ping response
148095: Pinging selected device.
148099: Started receiving data from device
148106: Received end of data from device
148106: Received ping response
149095: Pinging selected device.
149100: Started receiving data from device
149106: Received end of data from device
149106: Received ping response
150004: Searching for devices.
150009: Started receiving data from device
150015: Received end of data from device
150015: Received search response
150095: Pinging selected device.
150099: Started receiving data from device
150105: Received end of data from device
150105: Received ping response
151095: Pinging selected device.
151099: Started receiving data from device
151106: Received end of data from device
151106: Received ping response
152095: Pinging selected device.
152099: Started receiving data from device
152107: Received end of data from device
152107: Received ping response
153095: Pinging selected device.
153099: Started receiving data from device
153106: Received end of data from device
153106: Received ping response
154096: Pinging selected device.
154100: Started receiving data from device
154107: Received end of data from device
154107: Received ping response
155004: Searching for devices.
155008: Started receiving data from device
155015: Received end of data from device
155015: Received search response
155096: Pinging selected device.
155099: Started receiving data from device
155106: Received end of data from device
155106: Received ping response
156097: Pinging selected device.
156100: Started receiving data from device
156108: Received end of data from device
156108: Received ping response
157097: Pinging selected device.
157100: Started receiving data from device
157108: Received end of data from device
157108: Received ping response
158097: Pinging selected device.
158101: Started receiving data from device
158108: Received end of data from device
158108: Received ping response
159097: Pinging selected device.
159101: Started receiving data from device
159108: Received end of data from device
159108: Received ping response
160004: Searching for devices.
160008: Started receiving data from device
160015: Received end of data from device
160015: Received search response
160098: Pinging selected device.
160102: Started receiving data from device
160109: Received end of data from device
160109: Received ping response
161098: Pinging selected device.
161103: Started receiving data from device
161108: Received end of data from device
161108: Received ping response
162099: Pinging selected device.
162103: Started receiving data from device
162110: Received end of data from device
162110: Received ping response
163099: Pinging selected device.
163104: Started receiving data from device
163111: Received end of data from device
163111: Received ping response
164099: Pinging selected device.
164102: Started receiving data from device
164110: Received end of data from device
164110: Received ping response
165004: Searching for devices.
165008: Started receiving data from device
165014: Received end of data from device
165014: Received search response
165099: Pinging selected device.
165103: Started receiving data from device
165110: Received end of data from device
165110: Received ping response
166099: Pinging selected device.
166103: Started receiving data from device
166110: Received end of data from device
166110: Received ping response
167099: Pinging selected device.
167103: Started receiving data from device
167110: Received end of data from device
167110: Received ping response
168099: Pinging selected device.
168102: Started receiving data from device
168109: Received end of data from device
168109: Received ping response
169099: Pinging selected device.
169102: Started receiving data from device
169109: Received end of data from device
169109: Received ping response
170004: Searching for devices.
170008: Started receiving data from device
170014: Received end of data from device
170014: Received search response
170099: Pinging selected device.
170103: Started receiving data from device
170110: Received end of data from device
170110: Received ping response
171099: Pinging selected device.
171102: Started receiving data from device
171109: Received end of data from device
171109: Received ping response
172100: Pinging selected device.
172103: Started receiving data from device
172111: Received end of data from device
172111: Received ping response
173100: Pinging selected device.
173104: Started receiving data from device
173111: Received end of data from device
173111: Received ping response
174100: Pinging selected device.
174104: Started receiving data from device
174111: Received end of data from device
174111: Received ping response
175004: Searching for devices.
175008: Started receiving data from device
175015: Received end of data from device
175015: Received search response
175100: Pinging selected device.
175104: Started receiving data from device
175111: Received end of data from device
175111: Received ping response
176100: Pinging selected device.
176103: Started receiving data from device
176110: Received end of data from device
176110: Received ping response
177100: Pinging selected device.
177105: Started receiving data from device
177110: Received end of data from device
177110: Received ping response
178101: Pinging selected device.
178104: Started receiving data from device
178111: Received end of data from device
178111: Received ping response
179101: Pinging selected device.
179105: Started receiving data from device
179112: Received end of data from device
179112: Received ping response
180005: Searching for devices.
180008: Started receiving data from device
180015: Received end of data from device
180015: Received search response
180102: Pinging selected device.
180105: Started receiving data from device
180113: Received end of data from device
180113: Received ping response
181102: Pinging selected device.
181106: Started receiving data from device
181114: Received end of data from device
181114: Received ping response
182103: Pinging selected device.
182106: Started receiving data from device
182113: Received end of data from device
182113: Received ping response
183103: Pinging selected device.
183108: Started receiving data from device
183114: Received end of data from device
183114: Received ping response
184103: Pinging selected device.
184107: Started receiving data from device
184114: Received end of data from device
184114: Received ping response
185005: Searching for devices.
185009: Started receiving data from device
185016: Received end of data from device
185016: Received search response
185103: Pinging selected device.
185107: Started receiving data from device
185115: Received end of data from device
185115: Received ping response
186103: Pinging selected device.
186107: Started receiving data from device
186114: Received end of data from device
186114: Received ping response
187103: Pinging selected device.
187107: Started receiving data from device
187114: Received end of data from device
187114: Received ping response
188104: Pinging selected device.
188109: Started receiving data from device
188115: Received end of data from device
188115: Received ping response
189104: Pinging selected device.
189108: Started receiving data from device
189115: Received end of data from device
189115: Received ping response
190005: Searching for devices.
190010: Started receiving data from device
190016: Received end of data from device
190016: Received search response
190105: Pinging selected device.
190109: Started receiving data from device
190116: Received end of data from device
190116: Received ping response
191105: Pinging selected device.
191108: Started receiving data from device
191115: Received end of data from device
191115: Received ping response
192106: Pinging selected device.
192110: Started receiving data from device
192117: Received end of data from device
192117: Received ping response
193107: Pinging selected device.
193110: Started receiving data from device
193117: Received end of data from device
193117: Received ping response
194107: Pinging selected device.
194110: Started receiving data from device
194117: Received end of data from device
194117: Received ping response
195005: Searching for devices.
195008: Started receiving data from device
195016: Received end of data from device
195016: Received search response
195107: Pinging selected device.
195112: Started receiving data from device
195118: Received end of data from device
195118: Received ping response
196107: Pinging selected device.
196110: Started receiving data from device
196118: Received end of data from device
196118: Received ping response
197107: Pinging selected device.
197112: Started receiving data from device
197118: Received end of data from device
197118: Received ping response
198107: Pinging selected device.
198110: Started receiving data from device
198117: Received end of data from device
198117: Received ping response
199107: Pinging selected device.
199111: Started receiving data from device
199118: Received end of data from device
199118: Received ping response
200005: Searching for devices.
200009: Started receiving data from device
200016: Received end of data from device
200016: Received search response
200107: Pinging selected device.
200110: Started receiving data from device
200117: Received end of data from device
200117: Received ping response
201107: Pinging selected device.
201112: Started receiving data from device
201118: Received end of data from device
201118: Received ping response
202108: Pinging selected device.
202111: Started receiving data from device
202118: Received end of data from device
202118: Received ping response
203108: Pinging selected device.
203113: Started receiving data from device
203119: Received end of data from device
203119: Received ping response
204108: Pinging selected device.
204112: Started receiving data from device
204119: Received end of data from device
204119: Received ping response
205006: Searching for devices.
205009: Started receiving data from device
205016: Received end of data from device
205016: Received search response
205108: Pinging selected device.
205112: Started receiving data from device
205118: Received end of data from device
205118: Received ping response
206109: Pinging selected device.
206113: Started receiving data from device
206120: Received end of data from device
206120: Received ping response
207109: Pinging selected device.
207113: Started receiving data from device
207119: Received end of data from device
207119: Received ping response
208109: Pinging selected device.
208113: Started receiving data from device
208120: Received end of data from device
208120: Received ping response
209109: Pinging selected device.
209112: Started receiving data from device
209119: Received end of data from device
209119: Received ping response
210006: Searching for devices.
210010: Started receiving data from device
210017: Received end of data from device
210017: Received search response
210109: Pinging selected device.
210113: Started receiving data from device
210120: Received end of data from device
210120: Received ping response
211109: Pinging selected device.
211114: Started receiving data from device
211120: Received end of data from device
211120: Received ping response
212109: Pinging selected device.
212114: Started receiving data from device
212120: Received end of data from device
212120: Received ping response
213109: Pinging selected device.
213114: Started receiving data from device
213119: Received end of data from device
213119: Received ping response
214110: Pinging selected device.
214113: Started receiving data from device
214120: Received end of data from device
214120: Received ping response
215006: Searching for devices.
215009: Started receiving data from device
215016: Received end of data from device
215016: Received search response
215110: Pinging selected device.
215114: Started receiving data from device
215121: Received end of data from device
215121: Received ping response
216110: Pinging selected device.
216114: Started receiving data from device
216121: Received end of data from device
216121: Received ping response
217111: Pinging selected device.
217115: Started receiving data from device
217122: Received end of data from device
217122: Received ping response
218111: Pinging selected device.
218114: Started receiving data from device
218121: Received end of data from device
218121: Received ping response
219111: Pinging selected device.
219114: Started receiving data from device
219121: Received end of data from device
219121: Received ping response
220006: Searching for devices.
220009: Started receiving data from device
220017: Received end of data from device
220017: Received search response
220111: Pinging selected device.
220115: Started receiving data from device
220122: Received end of data from device
220122: Received ping response
221100: HTTP GET / 221119: Pinging selected device.
221146: Started receiving data from device
221146: Received end of data from device
221146: Received ping response
221266: HTTP GET /api/events 221266: Syncing selected device.
SSE client connected (slot 2, socket 7, id wvzm52by96al9i7tqw6jd)
221291: Started receiving data from device
221582: Received end of data from device
221582: Received state part 0
SSE client disconnected (slot 0)
221582: Started receiving data from device
221843: Received end of data from device
221843: Received state part 1
221890: HTTP POST /api/sysex 222083: Started receiving data from device
222119: Pinging selected device.
222147: HTTP POST /api/sysex 222373: Received end of data from device
222373: Received page dump, slot=0
222373: Started receiving data from device
222385: Received end of data from device
222385: Received ping response
222385: Started receiving data from device
222403: HTTP POST /api/sysex 222660: HTTP POST /api/sysex 222671: Received end of data from device
222671: Received page dump, slot=1
222671: Started receiving data from device
222915: HTTP POST /api/sysex 222962: Received end of data from device
222962: Received page dump, slot=2
222962: Started receiving data from device
223119: Pinging selected device.
223169: HTTP POST /api/sysex 223252: Received end of data from device
223252: Received page dump, slot=3
223252: Started receiving data from device
223425: HTTP POST /api/sysex 223543: Received end of data from device
223543: Received page dump, slot=4
223543: Started receiving data from device
223552: Received end of data from device
223552: Received ping response
223552: Started receiving data from device
223679: HTTP POST /api/sysex 223841: Received end of data from device
223841: Received page dump, slot=5
223841: Started receiving data from device
223936: HTTP POST /api/sysex 224119: Pinging selected device.
224140: Received end of data from device
224140: Received page dump, slot=6
224140: Started receiving data from device
224194: HTTP POST /api/sysex 224424: Received end of data from device
224424: Received page dump, slot=7
224424: Started receiving data from device
224451: HTTP POST /api/sysex 224708: HTTP POST /api/sysex 224714: Received end of data from device
224714: Received page dump, slot=8
224714: Started receiving data from device
224720: Received end of data from device
224720: Received ping response
224720: Started receiving data from device
225007: Searching for devices.
225012: Received end of data from device
225012: Received page dump, slot=9
225012: Started receiving data from device
225119: Pinging selected device.
225306: Received end of data from device
225306: Received page dump, slot=10
225306: Started receiving data from device
225654: Received end of data from device
225654: Received page dump, slot=11
225654: Started receiving data from device
225654: Received end of data from device
225654: Received search response
225654: Started receiving data from device
225654: Received end of data from device
225654: Received ping response
226119: Pinging selected device.
226123: Started receiving data from device
226130: Received end of data from device
226130: Received ping response
227119: Pinging selected device.
227123: Started receiving data from device
227130: Received end of data from device
227130: Received ping response
228119: Pinging selected device.
228123: Started receiving data from device
228130: Received end of data from device
228130: Received ping response
229120: Pinging selected device.
229125: Started receiving data from device
229130: Received end of data from device
229130: Received ping response
230007: Searching for devices.
230010: Started receiving data from device
230017: Received end of data from device
230017: Received search response
230121: Pinging selected device.
230124: Started receiving data from device
230132: Received end of data from device
230132: Received ping response
231121: Pinging selected device.
231125: Started receiving data from device
231132: Received end of data from device
231132: Received ping response
232121: Pinging selected device.
232125: Started receiving data from device
232132: Received end of data from device
232132: Received ping response
233122: Pinging selected device.
233125: Started receiving data from device
233133: Received end of data from device
233133: Received ping response
234122: Pinging selected device.
234125: Started receiving data from device
234132: Received end of data from device
234132: Received ping response
235007: Searching for devices.
235011: Started receiving data from device
235017: Received end of data from device
235017: Received search response
235122: Pinging selected device.
235126: Started receiving data from device
235133: Received end of data from device
235133: Received ping response
236122: Pinging selected device.
236126: Started receiving data from device
236133: Received end of data from device
236133: Received ping response
237123: Pinging selected device.
237127: Started receiving data from device
237134: Received end of data from device
237134: Received ping response
238123: Pinging selected device.
238127: Started receiving data from device
238134: Received end of data from device
238134: Received ping response
239123: Pinging selected device.
239127: Started receiving data from device
239133: Received end of data from device
239133: Received ping response
240007: Searching for devices.
240011: Started receiving data from device
240018: Received end of data from device
240018: Received search response
240129: Pinging selected device.
240133: Started receiving data from device
240140: Received end of data from device
240140: Received ping response
241130: Pinging selected device.
241133: Started receiving data from device
241141: Received end of data from device
241141: Received ping response
242130: Pinging selected device.
242134: Started receiving data from device
242140: Received end of data from device
242140: Received ping response
243130: Pinging selected device.
243134: Started receiving data from device
243141: Received end of data from device
243141: Received ping response
244130: Pinging selected device.
244133: Started receiving data from device
244140: Received end of data from device
244140: Received ping response
245007: Searching for devices.
245011: Started receiving data from device
245017: Received end of data from device
245017: Received search response
245130: Pinging selected device.
245133: Started receiving data from device
245141: Received end of data from device
245141: Received ping response
246131: Pinging selected device.
246135: Started receiving data from device
246151: Received end of data from device
246151: Received ping response
247131: Pinging selected device.
247134: Started receiving data from device
247142: Received end of data from device
247142: Received ping response
248131: Pinging selected device.
248135: Started receiving data from device
248142: Received end of data from device
248142: Received ping response
249131: Pinging selected device.
249135: Started receiving data from device
249141: Received end of data from device
249141: Received ping response
250007: Searching for devices.
250011: Started receiving data from device
250017: Received end of data from device
250017: Received search response
250131: Pinging selected device.
250134: Started receiving data from device
250142: Received end of data from device
250142: Received ping response
251131: Pinging selected device.
251135: Started receiving data from device
251142: Received end of data from device
251142: Received ping response
252131: Pinging selected device.
252135: Started receiving data from device
252142: Received end of data from device
252142: Received ping response
253131: Pinging selected device.
253135: Started receiving data from device
253142: Received end of data from device
253142: Received ping response
254132: Pinging selected device.
254135: Started receiving data from device
254143: Received end of data from device
254143: Received ping response
255007: Searching for devices.
255011: Started receiving data from device
255018: Received end of data from device
255018: Received search response
255132: Pinging selected device.
255136: Started receiving data from device
255143: Received end of data from device
255143: Received ping response
256132: Pinging selected device.
256136: Started receiving data from device
256143: Received end of data from device
256143: Received ping response
257132: Pinging selected device.
257136: Started receiving data from device
257143: Received end of data from device
257143: Received ping response
258133: Pinging selected device.
258136: Started receiving data from device
258143: Received end of data from device
258143: Received ping response
259133: Pinging selected device.
259137: Started receiving data from device
259145: Received end of data from device
259145: Received ping response
260007: Searching for devices.
260011: Started receiving data from device
260018: Received end of data from device
260018: Received search response
260133: Pinging selected device.
260137: Started receiving data from device
260144: Received end of data from device
260144: Received ping response
261133: Pinging selected device.
261138: Started receiving data from device
261144: Received end of data from device
261144: Received ping response
262133: Pinging selected device.
262138: Started receiving data from device
262144: Received end of data from device
262144: Received ping response
263133: Pinging selected device.
263137: Started receiving data from device
263144: Received end of data from device
263144: Received ping response
264133: Pinging selected device.
264137: Started receiving data from device
264144: Received end of data from device
264144: Received ping response
265007: Searching for devices.
265011: Started receiving data from device
265019: Received end of data from device
265019: Received search response
265133: Pinging selected device.
265136: Started receiving data from device
265143: Received end of data from device
265143: Received ping response
266133: Pinging selected device.
266137: Started receiving data from device
266144: Received end of data from device
266144: Received ping response
267133: Pinging selected device.
267136: Started receiving data from device
267143: Received end of data from device
267143: Received ping response
268133: Pinging selected device.
268137: Started receiving data from device
268144: Received end of data from device
268144: Received ping response
269134: Pinging selected device.
269137: Started receiving data from device
269144: Received end of data from device
269144: Received ping response
270007: Searching for devices.
270011: Started receiving data from device
270018: Received end of data from device
270018: Received search response
270134: Pinging selected device.
270138: Started receiving data from device
270145: Received end of data from device
270145: Received ping response
271134: Pinging selected device.
271138: Started receiving data from device
271145: Received end of data from device
271145: Received ping response
272134: Pinging selected device.
272138: Started receiving data from device
272145: Received end of data from device
272145: Received ping response
273134: Pinging selected device.
273138: Started receiving data from device
273145: Received end of data from device
273145: Received ping response
274134: Pinging selected device.
274138: Started receiving data from device
274146: Received end of data from device
274146: Received ping response
275007: Searching for devices.
275011: Started receiving data from device
275017: Received end of data from device
275017: Received search response
275134: Pinging selected device.
275139: Started receiving data from device
275145: Received end of data from device
275145: Received ping response
276134: Pinging selected device.
276138: Started receiving data from device
276145: Received end of data from device
276145: Received ping response
277134: Pinging selected device.
277138: Started receiving data from device
277145: Received end of data from device
277145: Received ping response
278134: Pinging selected device.
278138: Started receiving data from device
278145: Received end of data from device
278145: Received ping response
279134: Pinging selected device.
279138: Started receiving data from device
279145: Received end of data from device
279145: Received ping response
280007: Searching for devices.
280011: Started receiving data from device
280018: Received end of data from device
280018: Received search response
280134: Pinging selected device.
280138: Started receiving data from device
280146: Received end of data from device
280146: Received ping response
281145: Pinging selected device.
281221: Started receiving data from device
281221: Received end of data from device
281221: Received ping response
282145: Pinging selected device.
282149: Started receiving data from device
282156: Received end of data from device
282156: Received ping response
283145: Pinging selected device.
283150: Started receiving data from device
283156: Received end of data from device
283156: Received ping response
284145: Pinging selected device.
284149: Started receiving data from device
284155: Received end of data from device
284155: Received ping response
285007: Searching for devices.
285011: Started receiving data from device
285018: Received end of data from device
285018: Received search response
285145: Pinging selected device.
285149: Started receiving data from device
285156: Received end of data from device
285156: Received ping response
286145: Pinging selected device.
286150: Started receiving data from device
286156: Received end of data from device
286156: Received ping response
287145: Pinging selected device.
287150: Started receiving data from device
287156: Received end of data from device
287156: Received ping response
288145: Pinging selected device.
288150: Started receiving data from device
288156: Received end of data from device
288156: Received ping response
289145: Pinging selected device.
289149: Started receiving data from device
289157: Received end of data from device
289157: Received ping response
290007: Searching for devices.
290011: Started receiving data from device
290018: Received end of data from device
290018: Received search response
290145: Pinging selected device.
290149: Started receiving data from device
290156: Received end of data from device
290156: Received ping response
291146: Pinging selected device.
291150: Started receiving data from device
291156: Received end of data from device
291156: Received ping response
292146: Pinging selected device.
292150: Started receiving data from device
292157: Received end of data from device
292157: Received ping response
293146: Pinging selected device.
293150: Started receiving data from device
293158: Received end of data from device
293158: Received ping response
294146: Pinging selected device.
294150: Started receiving data from device
294157: Received end of data from device
294157: Received ping response
295007: Searching for devices.
295011: Started receiving data from device
295017: Received end of data from device
295017: Received search response
295146: Pinging selected device.
295150: Started receiving data from device
295158: Received end of data from device
295158: Received ping response
296146: Pinging selected device.
296150: Started receiving data from device
296158: Received end of data from device
296158: Received ping response
297146: Pinging selected device.
297150: Started receiving data from device
297157: Received end of data from device
297157: Received ping response
298146: Pinging selected device.
298151: Started receiving data from device
298157: Received end of data from device
298157: Received ping response
299146: Pinging selected device.
299150: Started receiving data from device
299158: Received end of data from device
299158: Received ping response
300007: Searching for devices.
300011: Started receiving data from device
300018: Received end of data from device
300018: Received search response
300147: Pinging selected device.
300151: Started receiving data from device
300158: Received end of data from device
300158: Received ping response
301147: Pinging selected device.
301151: Started receiving data from device
301158: Received end of data from device
301158: Received ping response
302148: Pinging selected device.
302151: Started receiving data from device
302158: Received end of data from device
302158: Received ping response
303148: Pinging selected device.
303153: Started receiving data from device
303159: Received end of data from device
303159: Received ping response
304148: Pinging selected device.
304152: Started receiving data from device
304159: Received end of data from device
304159: Received ping response
305007: Searching for devices.
305011: Started receiving data from device
305018: Received end of data from device
305018: Received search response
305148: Pinging selected device.
305152: Started receiving data from device
305159: Received end of data from device
305159: Received ping response
306149: Pinging selected device.
306152: Started receiving data from device
306159: Received end of data from device
306159: Received ping response
307149: Pinging selected device.
307153: Started receiving data from device
307160: Received end of data from device
307160: Received ping response
308150: Pinging selected device.
308155: Started receiving data from device
308161: Received end of data from device
308161: Received ping response
309150: Pinging selected device.
309154: Started receiving data from device
309160: Received end of data from device
309160: Received ping response
310008: Searching for devices.
310012: Started receiving data from device
310019: Received end of data from device
310019: Received search response
310150: Pinging selected device.
310154: Started receiving data from device
310161: Received end of data from device
310161: Received ping response
311150: Pinging selected device.
311154: Started receiving data from device
311160: Received end of data from device
311160: Received ping response
312150: Pinging selected device.
312154: Started receiving data from device
312160: Received end of data from device
312160: Received ping response
313150: Pinging selected device.
313154: Started receiving data from device
313161: Received end of data from device
313161: Received ping response
314150: Pinging selected device.
314154: Started receiving data from device
314160: Received end of data from device
314160: Received ping response
315008: Searching for devices.
315012: Started receiving data from device
315019: Received end of data from device
315019: Received search response
315151: Pinging selected device.
315155: Started receiving data from device
315161: Received end of data from device
315161: Received ping response
316151: Pinging selected device.
316156: Started receiving data from device
316162: Received end of data from device
316162: Received ping response
317151: Pinging selected device.
317157: Started receiving data from device
317163: Received end of data from device
317163: Received ping response
318151: Pinging selected device.
318156: Started receiving data from device
318162: Received end of data from device
318162: Received ping response
319151: Pinging selected device.
319155: Started receiving data from device
319162: Received end of data from device
319162: Received ping response
320009: Searching for devices.
320012: Started receiving data from device
320019: Received end of data from device
320019: Received search response
320151: Pinging selected device.
320155: Started receiving data from device
320162: Received end of data from device
320162: Received ping response
321151: Pinging selected device.
321155: Started receiving data from device
321162: Received end of data from device
321162: Received ping response
322151: Pinging selected device.
322156: Started receiving data from device
322162: Received end of data from device
322162: Received ping response
323151: Pinging selected device.
323154: Started receiving data from device
323161: Received end of data from device
323161: Received ping response
324151: Pinging selected device.
324156: Started receiving data from device
324163: Received end of data from device
324163: Received ping response
325010: Searching for devices.
325013: Started receiving data from device
325020: Received end of data from device
325020: Received search response
325151: Pinging selected device.
325155: Started receiving data from device
325162: Received end of data from device
325162: Received ping response
326151: Pinging selected device.
326155: Started receiving data from device
326163: Received end of data from device
326163: Received ping response
327151: Pinging selected device.
327155: Started receiving data from device
327162: Received end of data from device
327162: Received ping response
328151: Pinging selected device.
328155: Started receiving data from device
328163: Received end of data from device
328163: Received ping response
329151: Pinging selected device.
329155: Started receiving data from device
329162: Received end of data from device
329162: Received ping response
330010: Searching for devices.
330014: Started receiving data from device
330021: Received end of data from device
330021: Received search response
330151: Pinging selected device.
330155: Started receiving data from device
330162: Received end of data from device
330162: Received ping response
331151: Pinging selected device.
331154: Started receiving data from device
331161: Received end of data from device
331161: Received ping response
332152: Pinging selected device.
332155: Started receiving data from device
332163: Received end of data from device
332163: Received ping response
333153: Pinging selected device.
333156: Started receiving data from device
333164: Received end of data from device
333164: Received ping response
334154: Pinging selected device.
334158: Started receiving data from device
334165: Received end of data from device
334165: Received ping response
335011: Searching for devices.
335014: Started receiving data from device
335022: Received end of data from device
335022: Received search response
335155: Pinging selected device.
335160: Started receiving data from device
335166: Received end of data from device
335166: Received ping response
336155: Pinging selected device.
336158: Started receiving data from device
336165: Received end of data from device
336165: Received ping response
337155: Pinging selected device.
337159: Started receiving data from device
337166: Received end of data from device
337166: Received ping response
338155: Pinging selected device.
338159: Started receiving data from device
338167: Received end of data from device
338167: Received ping response
339155: Pinging selected device.
339159: Started receiving data from device
339166: Received end of data from device
339166: Received ping response
340011: Searching for devices.
340015: Started receiving data from device
340021: Received end of data from device
340021: Received search response
340155: Pinging selected device.
340159: Started receiving data from device
340166: Received end of data from device
340166: Received ping response
341155: Pinging selected device.
341159: Started receiving data from device
341165: Received end of data from device
341165: Received ping response
342155: Pinging selected device.
342160: Started receiving data from device
342166: Received end of data from device
342166: Received ping response
343155: Pinging selected device.
343159: Started receiving data from device
343166: Received end of data from device
343166: Received ping response
344155: Pinging selected device.
344159: Started receiving data from device
344167: Received end of data from device
344167: Received ping response
345011: Searching for devices.
345015: Started receiving data from device
345022: Received end of data from device
345022: Received search response
345156: Pinging selected device.
345160: Started receiving data from device
345167: Received end of data from device
345167: Received ping response
346156: Pinging selected device.
346160: Started receiving data from device
346167: Received end of data from device
346167: Received ping response
347156: Pinging selected device.
347160: Started receiving data from device
347167: Received end of data from device
347167: Received ping response
348156: Pinging selected device.
348160: Started receiving data from device
348167: Received end of data from device
348167: Received ping response
349157: Pinging selected device.
349161: Started receiving data from device
349168: Received end of data from device
349168: Received ping response
350012: Searching for devices.
350015: Started receiving data from device
350022: Received end of data from device
350022: Received search response
350165: Pinging selected device.
350169: Started receiving data from device
350175: Received end of data from device
350175: Received ping response
351166: Pinging selected device.
351169: Started receiving data from device
351176: Received end of data from device
351176: Received ping response
352167: Pinging selected device.
352170: Started receiving data from device
352177: Received end of data from device
352177: Received ping response
353167: Pinging selected device.
353171: Started receiving data from device
353178: Received end of data from device
353178: Received ping response
354167: Pinging selected device.
354170: Started receiving data from device
354178: Received end of data from device
354178: Received ping response
355023: Searching for devices.
355028: Started receiving data from device
355034: Received end of data from device
355034: Received search response
355167: Pinging selected device.
355171: Started receiving data from device
355177: Received end of data from device
355177: Received ping response
356167: Pinging selected device.
356171: Started receiving data from device
356178: Received end of data from device
356178: Received ping response
357167: Pinging selected device.
357171: Started receiving data from device
357178: Received end of data from device
357178: Received ping response
358167: Pinging selected device.
358172: Started receiving data from device
358179: Received end of data from device
358179: Received ping response
359167: Pinging selected device.
359171: Started receiving data from device
359179: Received end of data from device
359179: Received ping response
360023: Searching for devices.
360027: Started receiving data from device
360034: Received end of data from device
360034: Received search response
360167: Pinging selected device.
360172: Started receiving data from device
360178: Received end of data from device
360178: Received ping response
361168: Pinging selected device.
361171: Started receiving data from device
361178: Received end of data from device
361178: Received ping response
362168: Pinging selected device.
362173: Started receiving data from device
362180: Received end of data from device
362180: Received ping response
363168: Pinging selected device.
363172: Started receiving data from device
363179: Received end of data from device
363179: Received ping response
364169: Pinging selected device.
364172: Started receiving data from device
364179: Received end of data from device
364179: Received ping response
365023: Searching for devices.
365027: Started receiving data from device
365034: Received end of data from device
365034: Received search response
365170: Pinging selected device.
365173: Started receiving data from device
365180: Received end of data from device
365180: Received ping response
366170: Pinging selected device.
366173: Started receiving data from device
366180: Received end of data from device
366180: Received ping response
367170: Pinging selected device.
367173: Started receiving data from device
367180: Received end of data from device
367180: Received ping response
368170: Pinging selected device.
368174: Started receiving data from device
368181: Received end of data from device
368181: Received ping response
369171: Pinging selected device.
369175: Started receiving data from device
369182: Received end of data from device
369182: Received ping response
370023: Searching for devices.
370026: Started receiving data from device
370033: Received end of data from device
370033: Received search response
370171: Pinging selected device.
370175: Started receiving data from device
370182: Received end of data from device
370182: Received ping response
371171: Pinging selected device.
371175: Started receiving data from device
371182: Received end of data from device
371182: Received ping response
372171: Pinging selected device.
372174: Started receiving data from device
372182: Received end of data from device
372182: Received ping response
373171: Pinging selected device.
373174: Started receiving data from device
373181: Received end of data from device
373181: Received ping response
374171: Pinging selected device.
374174: Started receiving data from device
374182: Received end of data from device
374182: Received ping response
375023: Searching for devices.
375026: Started receiving data from device
375034: Received end of data from device
375034: Received search response
375171: Pinging selected device.
375175: Started receiving data from device
375182: Received end of data from device
375182: Received ping response
376171: Pinging selected device.
376175: Started receiving data from device
376182: Received end of data from device
376182: Received ping response
377171: Pinging selected device.
377175: Started receiving data from device
377182: Received end of data from device
377182: Received ping response
378172: Pinging selected device.
378175: Started receiving data from device
378183: Received end of data from device
378183: Received ping response
379172: Pinging selected device.
379175: Started receiving data from device
379183: Received end of data from device
379183: Received ping response
380023: Searching for devices.
380027: Started receiving data from device
380034: Received end of data from device
380034: Received search response
380173: Pinging selected device.
380177: Started receiving data from device
380184: Received end of data from device
380184: Received ping response
381173: Pinging selected device.
381177: Started receiving data from device
381184: Received end of data from device
381184: Received ping response
382173: Pinging selected device.
382176: Started receiving data from device
382183: Received end of data from device
382183: Received ping response
383173: Pinging selected device.
383177: Started receiving data from device
383184: Received end of data from device
383184: Received ping response
384173: Pinging selected device.
384177: Started receiving data from device
384184: Received end of data from device
384184: Received ping response
385023: Searching for devices.
385027: Started receiving data from device
385034: Received end of data from device
385034: Received search response
385173: Pinging selected device.
385177: Started receiving data from device
385183: Received end of data from device
385183: Received ping response
386174: Pinging selected device.
386177: Started receiving data from device
386184: Received end of data from device
386184: Received ping response
387174: Pinging selected device.
387178: Started receiving data from device
387185: Received end of data from device
387185: Received ping response
388174: Pinging selected device.
388178: Started receiving data from device
388184: Received end of data from device
388184: Received ping response
389174: Pinging selected device.
389179: Started receiving data from device
389186: Received end of data from device
389186: Received ping response
390023: Searching for devices.
390026: Started receiving data from device
390033: Received end of data from device
390033: Received search response
390174: Pinging selected device.
390178: Started receiving data from device
390185: Received end of data from device
390185: Received ping response
391174: Pinging selected device.
391178: Started receiving data from device
391185: Received end of data from device
391185: Received ping response
392175: Pinging selected device.
392178: Started receiving data from device
392185: Received end of data from device
392185: Received ping response
393175: Pinging selected device.
393179: Started receiving data from device
393186: Received end of data from device
393186: Received ping response
394175: Pinging selected device.
394179: Started receiving data from device
394186: Received end of data from device
394186: Received ping response
395023: Searching for devices.
395027: Started receiving data from device
395034: Received end of data from device
395034: Received search response
395175: Pinging selected device.
395180: Started receiving data from device
395186: Received end of data from device
395186: Received ping response
396175: Pinging selected device.
396179: Started receiving data from device
396186: Received end of data from device
396186: Received ping response
397175: Pinging selected device.
397178: Started receiving data from device
397186: Received end of data from device
397186: Received ping response
398176: Pinging selected device.
398180: Started receiving data from device
398187: Received end of data from device
398187: Received ping response
399176: Pinging selected device.
399179: Started receiving data from device
399186: Received end of data from device
399186: Received ping response
400024: Searching for devices.
400028: Started receiving data from device
400035: Received end of data from device
400035: Received search response
400177: Pinging selected device.
400181: Started receiving data from device
400188: Received end of data from device
400188: Received ping response
401178: Pinging selected device.
401181: Started receiving data from device
401189: Received end of data from device
401189: Received ping response
402178: Pinging selected device.
402182: Started receiving data from device
402189: Received end of data from device
402189: Received ping response
403178: Pinging selected device.
403182: Started receiving data from device
403189: Received end of data from device
403189: Received ping response
404179: Pinging selected device.
404182: Started receiving data from device
404190: Received end of data from device
404190: Received ping response
405024: Searching for devices.
405028: Started receiving data from device
405035: Received end of data from device
405035: Received search response
405179: Pinging selected device.
405182: Started receiving data from device
405190: Received end of data from device
405190: Received ping response
406179: Pinging selected device.
406183: Started receiving data from device
406189: Received end of data from device
406189: Received ping response
407179: Pinging selected device.
407183: Started receiving data from device
407190: Received end of data from device
407190: Received ping response
408179: Pinging selected device.
408182: Started receiving data from device
408190: Received end of data from device
408190: Received ping response
409179: Pinging selected device.
409183: Started receiving data from device
409191: Received end of data from device
409191: Received ping response
410024: Searching for devices.
410028: Started receiving data from device
410034: Received end of data from device
410034: Received search response
410179: Pinging selected device.
410183: Started receiving data from device
410189: Received end of data from device
410189: Received ping response
411179: Pinging selected device.
411183: Started receiving data from device
411190: Received end of data from device
411190: Received ping response
412179: Pinging selected device.
412183: Started receiving data from device
412191: Received end of data from device
412191: Received ping response
413179: Pinging selected device.
413182: Started receiving data from device
413189: Received end of data from device
413189: Received ping response
414179: Pinging selected device.
414182: Started receiving data from device
414190: Received end of data from device
414190: Received ping response
415024: Searching for devices.
415028: Started receiving data from device
415035: Received end of data from device
415035: Received search response
415179: Pinging selected device.
415183: Started receiving data from device
415190: Received end of data from device
415190: Received ping response
416179: Pinging selected device.
416183: Started receiving data from device
416190: Received end of data from device
416190: Received ping response
417179: Pinging selected device.
417183: Started receiving data from device
417190: Received end of data from device
417190: Received ping response
418179: Pinging selected device.
418183: Started receiving data from device
418190: Received end of data from device
418190: Received ping response
419179: Pinging selected device.
419183: Started receiving data from device
419191: Received end of data from device
419191: Received ping response
420024: Searching for devices.
420028: Started receiving data from device
420034: Received end of data from device
420034: Received search response
420179: Pinging selected device.
420183: Started receiving data from device
420189: Received end of data from device
420189: Received ping response
421179: Pinging selected device.
421183: Started receiving data from device
421190: Received end of data from device
421190: Received ping response
422179: Pinging selected device.
422183: Started receiving data from device
422189: Received end of data from device
422189: Received ping response
423179: Pinging selected device.
423184: Started receiving data from device
423190: Received end of data from device
423190: Received ping response
424179: Pinging selected device.
424183: Started receiving data from device
424190: Received end of data from device
424190: Received ping response
425025: Searching for devices.
425028: Started receiving data from device
425036: Received end of data from device
425036: Received search response
425179: Pinging selected device.
425182: Started receiving data from device
425190: Received end of data from device
425190: Received ping response
426179: Pinging selected device.
426183: Started receiving data from device
426190: Received end of data from device
426190: Received ping response
427179: Pinging selected device.
427183: Started receiving data from device
427190: Received end of data from device
427190: Received ping response
428179: Pinging selected device.
428183: Started receiving data from device
428191: Received end of data from device
428191: Received ping response
429179: Pinging selected device.
429183: Started receiving data from device
429191: Received end of data from device
429191: Received ping response
430026: Searching for devices.
430030: Started receiving data from device
430037: Received end of data from device
430037: Received search response
430179: Pinging selected device.
430183: Started receiving data from device
430190: Received end of data from device
430190: Received ping response
431179: Pinging selected device.
431183: Started receiving data from device
431190: Received end of data from device
431190: Received ping response
432179: Pinging selected device.
432183: Started receiving data from device
432189: Received end of data from device
432189: Received ping response
433179: Pinging selected device.
433183: Started receiving data from device
433191: Received end of data from device
433191: Received ping response
434179: Pinging selected device.
434183: Started receiving data from device
434190: Received end of data from device
434190: Received ping response
435026: Searching for devices.
435029: Started receiving data from device
435036: Received end of data from device
435036: Received search response
435180: Pinging selected device.
435183: Started receiving data from device
435190: Received end of data from device
435190: Received ping response
436180: Pinging selected device.
436184: Started receiving data from device
436191: Received end of data from device
436191: Received ping response
437180: Pinging selected device.
437183: Started receiving data from device
437190: Received end of data from device
437190: Received ping response
438180: Pinging selected device.
438184: Started receiving data from device
438191: Received end of data from device
438191: Received ping response
439180: Pinging selected device.
439184: Started receiving data from device
439191: Received end of data from device
439191: Received ping response
440026: Searching for devices.
440030: Started receiving data from device
440037: Received end of data from device
440037: Received search response
440180: Pinging selected device.
440183: Started receiving data from device
440190: Received end of data from device
440190: Received ping response
441180: Pinging selected device.
441184: Started receiving data from device
441191: Received end of data from device
441191: Received ping response
442180: Pinging selected device.
442186: Started receiving data from device
442191: Received end of data from device
442191: Received ping response
443180: Pinging selected device.
443183: Started receiving data from device
443190: Received end of data from device
443190: Received ping response
444180: Pinging selected device.
444185: Started receiving data from device
444191: Received end of data from device
444191: Received ping response
445026: Searching for devices.
445030: Started receiving data from device
445037: Received end of data from device
445037: Received search response
445181: Pinging selected device.
445184: Started receiving data from device
445192: Received end of data from device
445192: Received ping response
446181: Pinging selected device.
446185: Started receiving data from device
446192: Received end of data from device
446192: Received ping response
447181: Pinging selected device.
447185: Started receiving data from device
447192: Received end of data from device
447192: Received ping response
448181: Pinging selected device.
448185: Started receiving data from device
448192: Received end of data from device
448192: Received ping response
449182: Pinging selected device.
449186: Started receiving data from device
449192: Received end of data from device
449192: Received ping response
450026: Searching for devices.
450030: Started receiving data from device
450036: Received end of data from device
450036: Received search response
450183: Pinging selected device.
450188: Started receiving data from device
450194: Received end of data from device
450194: Received ping response
451183: Pinging selected device.
451187: Started receiving data from device
451194: Received end of data from device
451194: Received ping response
452183: Pinging selected device.
452188: Started receiving data from device
452194: Received end of data from device
452194: Received ping response
453183: Pinging selected device.
453186: Started receiving data from device
453194: Received end of data from device
453194: Received ping response
454183: Pinging selected device.
454186: Started receiving data from device
454193: Received end of data from device
454193: Received ping response
455026: Searching for devices.
455030: Started receiving data from device
455037: Received end of data from device
455037: Received search response
455183: Pinging selected device.
455187: Started receiving data from device
455194: Received end of data from device
455194: Received ping response
456183: Pinging selected device.
456187: Started receiving data from device
456193: Received end of data from device
456193: Received ping response
457183: Pinging selected device.
457187: Started receiving data from device
457194: Received end of data from device
457194: Received ping response
458183: Pinging selected device.
458186: Started receiving data from device
458194: Received end of data from device
458194: Received ping response
459183: Pinging selected device.
459186: Started receiving data from device
459193: Received end of data from device
459193: Received ping response
460026: Searching for devices.
460030: Started receiving data from device
460037: Received end of data from device
460037: Received search response
460183: Pinging selected device.
460186: Started receiving data from device
460193: Received end of data from device
460193: Received ping response
461183: Pinging selected device.
461187: Started receiving data from device
461194: Received end of data from device
461194: Received ping response
462183: Pinging selected device.
462187: Started receiving data from device
462193: Received end of data from device
462193: Received ping response
463183: Pinging selected device.
463187: Started receiving data from device
463194: Received end of data from device
463194: Received ping response
464184: Pinging selected device.
464187: Started receiving data from device
464195: Received end of data from device
464195: Received ping response
465026: Searching for devices.
465030: Started receiving data from device
465037: Received end of data from device
465037: Received search response
465185: Pinging selected device.
465188: Started receiving data from device
465195: Received end of data from device
465195: Received ping response
466185: Pinging selected device.
466189: Started receiving data from device
466196: Received end of data from device
466196: Received ping response
467185: Pinging selected device.
467189: Started receiving data from device
467196: Received end of data from device
467196: Received ping response
468185: Pinging selected device.
468189: Started receiving data from device
468197: Received end of data from device
468197: Received ping response
469185: Pinging selected device.
469190: Started receiving data from device
469196: Received end of data from device
469196: Received ping response
470026: Searching for devices.
470030: Started receiving data from device
470037: Received end of data from device
470037: Received search response
470185: Pinging selected device.
470189: Started receiving data from device
470196: Received end of data from device
470196: Received ping response
471185: Pinging selected device.
471190: Started receiving data from device
471197: Received end of data from device
471197: Received ping response
472185: Pinging selected device.
472189: Started receiving data from device
472196: Received end of data from device
472196: Received ping response
473185: Pinging selected device.
473188: Started receiving data from device
473195: Received end of data from device
473195: Received ping response
474185: Pinging selected device.
474190: Started receiving data from device
474196: Received end of data from device
474196: Received ping response
475026: Searching for devices.
475030: Started receiving data from device
475037: Received end of data from device
475037: Received search response
475185: Pinging selected device.
475189: Started receiving data from device
475196: Received end of data from device
475196: Received ping response
476185: Pinging selected device.
476189: Started receiving data from device
476196: Received end of data from device
476196: Received ping response
477185: Pinging selected device.
477190: Started receiving data from device
477196: Received end of data from device
477196: Received ping response
478185: Pinging selected device.
478189: Started receiving data from device
478196: Received end of data from device
478196: Received ping response
479185: Pinging selected device.
479189: Started receiving data from device
479196: Received end of data from device
479196: Received ping response
480026: Searching for devices.
480030: Started receiving data from device
480037: Received end of data from device
480037: Received search response
480185: Pinging selected device.
480189: Started receiving data from device
480196: Received end of data from device
480196: Received ping response
481185: Pinging selected device.
481189: Started receiving data from device
481197: Received end of data from device
481197: Received ping response
482185: Pinging selected device.
482190: Started receiving data from device
482197: Received end of data from device
482197: Received ping response
483185: Pinging selected device.
483189: Started receiving data from device
483196: Received end of data from device
483196: Received ping response
484186: Pinging selected device.
484189: Started receiving data from device
484197: Received end of data from device
484197: Received ping response
485026: Searching for devices.
485029: Started receiving data from device
485037: Received end of data from device
485037: Received search response
485186: Pinging selected device.
485191: Started receiving data from device
485197: Received end of data from device
485197: Received ping response
486187: Pinging selected device.
486190: Started receiving data from device
486197: Received end of data from device
486197: Received ping response
487188: Pinging selected device.
487191: Started receiving data from device
487199: Received end of data from device
487199: Received ping response
488189: Pinging selected device.
488194: Started receiving data from device
488200: Received end of data from device
488200: Received ping response
489189: Pinging selected device.
489193: Started receiving data from device
489200: Received end of data from device
489200: Received ping response
490026: Searching for devices.
490029: Started receiving data from device
490036: Received end of data from device
490036: Received search response
490190: Pinging selected device.
490193: Started receiving data from device
490200: Received end of data from device
490200: Received ping response
491191: Pinging selected device.
491194: Started receiving data from device
491201: Received end of data from device
491201: Received ping response
492192: Pinging selected device.
492195: Started receiving data from device
492203: Received end of data from device
492203: Received ping response
493192: Pinging selected device.
493196: Started receiving data from device
493203: Received end of data from device
493203: Received ping response
494192: Pinging selected device.
494197: Started receiving data from device
494203: Received end of data from device
494203: Received ping response
495027: Searching for devices.
495030: Started receiving data from device
495038: Received end of data from device
495038: Received search response
495193: Pinging selected device.
495196: Started receiving data from device
495203: Received end of data from device
495203: Received ping response
496193: Pinging selected device.
496196: Started receiving data from device
496204: Received end of data from device
496204: Received ping response
497194: Pinging selected device.
497198: Started receiving data from device
497204: Received end of data from device
497204: Received ping response
498194: Pinging selected device.
498199: Started receiving data from device
498205: Received end of data from device
498205: Received ping response
499194: Pinging selected device.
499198: Started receiving data from device
499205: Received end of data from device
499205: Received ping response
500027: Searching for devices.
500031: Started receiving data from device
500038: Received end of data from device
500038: Received search response
500195: Pinging selected device.
500200: Started receiving data from device
500206: Received end of data from device
500206: Received ping response
501196: Pinging selected device.
501199: Started receiving data from device
501206: Received end of data from device
501206: Received ping response
502196: Pinging selected device.
502200: Started receiving data from device
502207: Received end of data from device
502207: Received ping response
503196: Pinging selected device.
503200: Started receiving data from device
503207: Received end of data from device
503207: Received ping response
504197: Pinging selected device.
504202: Started receiving data from device
504208: Received end of data from device
504208: Received ping response
505027: Searching for devices.
505030: Started receiving data from device
505038: Received end of data from device
505038: Received search response
505197: Pinging selected device.
505201: Started receiving data from device
505209: Received end of data from device
505209: Received ping response
506197: Pinging selected device.
506202: Started receiving data from device
506208: Received end of data from device
506208: Received ping response
507197: Pinging selected device.
507201: Started receiving data from device
507208: Received end of data from device
507208: Received ping response
508197: Pinging selected device.
508201: Started receiving data from device
508208: Received end of data from device
508208: Received ping response
509197: Pinging selected device.
509201: Started receiving data from device
509208: Received end of data from device
509208: Received ping response
510028: Searching for devices.
510031: Started receiving data from device
510038: Received end of data from device
510038: Received search response
510197: Pinging selected device.
510200: Started receiving data from device
510208: Received end of data from device
510208: Received ping response
511197: Pinging selected device.
511200: Started receiving data from device
511208: Received end of data from device
511208: Received ping response
512197: Pinging selected device.
512201: Started receiving data from device
512208: Received end of data from device
512208: Received ping response
513197: Pinging selected device.
513202: Started receiving data from device
513209: Received end of data from device
513209: Received ping response
514198: Pinging selected device.
514201: Started receiving data from device
514208: Received end of data from device
514208: Received ping response
515028: Searching for devices.
515032: Started receiving data from device
515039: Received end of data from device
515039: Received search response
515198: Pinging selected device.
515202: Started receiving data from device
515209: Received end of data from device
515209: Received ping response
516198: Pinging selected device.
516203: Started receiving data from device
516208: Received end of data from device
516208: Received ping response
517198: Pinging selected device.
517202: Started receiving data from device
517209: Received end of data from device
517209: Received ping response
518198: Pinging selected device.
518202: Started receiving data from device
518209: Received end of data from device
518209: Received ping response
519198: Pinging selected device.
519201: Started receiving data from device
519209: Received end of data from device
519209: Received ping response
520028: Searching for devices.
520031: Started receiving data from device
520039: Received end of data from device
520039: Received search response
520198: Pinging selected device.
520201: Started receiving data from device
520208: Received end of data from device
520208: Received ping response
521198: Pinging selected device.
521202: Started receiving data from device
521208: Received end of data from device
521208: Received ping response
522198: Pinging selected device.
522201: Started receiving data from device
522208: Received end of data from device
522208: Received ping response
523198: Pinging selected device.
523202: Started receiving data from device
523209: Received end of data from device
523209: Received ping response
524198: Pinging selected device.
524202: Started receiving data from device
524209: Received end of data from device
524209: Received ping response
525029: Searching for devices.
525033: Started receiving data from device
525040: Received end of data from device
525040: Received search response
525198: Pinging selected device.
525203: Started receiving data from device
525209: Received end of data from device
525209: Received ping response
526198: Pinging selected device.
526202: Started receiving data from device
526209: Received end of data from device
526209: Received ping response
527198: Pinging selected device.
527202: Started receiving data from device
527209: Received end of data from device
527209: Received ping response
528198: Pinging selected device.
528201: Started receiving data from device
528208: Received end of data from device
528208: Received ping response
529198: Pinging selected device.
529202: Started receiving data from device
529208: Received end of data from device
529208: Received ping response
530029: Searching for devices.
530032: Started receiving data from device
530039: Received end of data from device
530039: Received search response
530198: Pinging selected device.
530202: Started receiving data from device
530209: Received end of data from device
530209: Received ping response
531198: Pinging selected device.
531202: Started receiving data from device
531209: Received end of data from device
531209: Received ping response
532199: Pinging selected device.
532203: Started receiving data from device
532210: Received end of data from device
532210: Received ping response
533199: Pinging selected device.
533203: Started receiving data from device
533210: Received end of data from device
533210: Received ping response
534199: Pinging selected device.
534203: Started receiving data from device
534210: Received end of data from device
534210: Received ping response
535030: Searching for devices.
535034: Started receiving data from device
535041: Received end of data from device
535041: Received search response
535199: Pinging selected device.
535203: Started receiving data from device
535211: Received end of data from device
535211: Received ping response
536199: Pinging selected device.
536203: Started receiving data from device
536210: Received end of data from device
536210: Received ping response
537199: Pinging selected device.
537203: Started receiving data from device
537210: Received end of data from device
537210: Received ping response
538199: Pinging selected device.
538203: Started receiving data from device
538209: Received end of data from device
538209: Received ping response
539199: Pinging selected device.
539203: Started receiving data from device
539210: Received end of data from device
539210: Received ping response
540030: Searching for devices.
540034: Started receiving data from device
540041: Received end of data from device
540041: Received search response
540200: Pinging selected device.
540203: Started receiving data from device
540210: Received end of data from device
540210: Received ping response
541200: Pinging selected device.
541205: Started receiving data from device
541210: Received end of data from device
541210: Received ping response
542200: Pinging selected device.
542205: Started receiving data from device
542211: Received end of data from device
542211: Received ping response
543200: Pinging selected device.
543204: Started receiving data from device
543211: Received end of data from device
543211: Received ping response
544200: Pinging selected device.
544204: Started receiving data from device
544211: Received end of data from device
544211: Received ping response
545030: Searching for devices.
545034: Started receiving data from device
545041: Received end of data from device
545041: Received search response
545200: Pinging selected device.
545204: Started receiving data from device
545211: Received end of data from device
545211: Received ping response
546200: Pinging selected device.
546204: Started receiving data from device
546211: Received end of data from device
546211: Received ping response
547200: Pinging selected device.
547203: Started receiving data from device
547210: Received end of data from device
547210: Received ping response
548200: Pinging selected device.
548204: Started receiving data from device
548211: Received end of data from device
548211: Received ping response
549200: Pinging selected device.
549204: Started receiving data from device
549212: Received end of data from device
549212: Received ping response
550031: Searching for devices.
550034: Started receiving data from device
550042: Received end of data from device
550042: Received search response
550200: Pinging selected device.
550204: Started receiving data from device
550210: Received end of data from device
550210: Received ping response
551200: Pinging selected device.
551203: Started receiving data from device
551210: Received end of data from device
551210: Received ping response
552200: Pinging selected device.
552204: Started receiving data from device
552212: Received end of data from device
552212: Received ping response
553200: Pinging selected device.
553203: Started receiving data from device
553211: Received end of data from device
553211: Received ping response
554200: Pinging selected device.
554203: Started receiving data from device
554211: Received end of data from device
554211: Received ping response
555031: Searching for devices.
555035: Started receiving data from device
555042: Received end of data from device
555042: Received search response
555200: Pinging selected device.
555204: Started receiving data from device
555211: Received end of data from device
555211: Received ping response
556200: Pinging selected device.
556204: Started receiving data from device
556210: Received end of data from device
556210: Received ping response
557201: Pinging selected device.
557204: Started receiving data from device
557211: Received end of data from device
557211: Received ping response
558201: Pinging selected device.
558205: Started receiving data from device
558212: Received end of data from device
558212: Received ping response
559201: Pinging selected device.
559205: Started receiving data from device
559213: Received end of data from device
559213: Received ping response
560031: Searching for devices.
560035: Started receiving data from device
560043: Received end of data from device
560043: Received search response
560201: Pinging selected device.
560205: Started receiving data from device
560211: Received end of data from device
560211: Received ping response
561201: Pinging selected device.
561205: Started receiving data from device
561212: Received end of data from device
561212: Received ping response
562201: Pinging selected device.
562205: Started receiving data from device
562212: Received end of data from device
562212: Received ping response
563201: Pinging selected device.
563206: Started receiving data from device
563212: Received end of data from device
563212: Received ping response
564201: Pinging selected device.
564205: Started receiving data from device
564212: Received end of data from device
564212: Received ping response
565031: Searching for devices.
565035: Started receiving data from device
565041: Received end of data from device
565041: Received search response
565201: Pinging selected device.
565205: Started receiving data from device
565212: Received end of data from device
565212: Received ping response
566202: Pinging selected device.
566206: Started receiving data from device
566212: Received end of data from device
566212: Received ping response
567202: Pinging selected device.
567206: Started receiving data from device
567213: Received end of data from device
567213: Received ping response
568203: Pinging selected device.
568206: Started receiving data from device
568213: Received end of data from device
568213: Received ping response
569203: Pinging selected device.
569206: Started receiving data from device
569214: Received end of data from device
569214: Received ping response
570031: Searching for devices.
570035: Started receiving data from device
570043: Received end of data from device
570043: Received search response
570203: Pinging selected device.
570206: Started receiving data from device
570214: Received end of data from device
570214: Received ping response
571203: Pinging selected device.
571206: Started receiving data from device
571214: Received end of data from device
571214: Received ping response
572203: Pinging selected device.
572207: Started receiving data from device
572214: Received end of data from device
572214: Received ping response
573203: Pinging selected device.
573207: Started receiving data from device
573214: Received end of data from device
573214: Received ping response
574203: Pinging selected device.
574207: Started receiving data from device
574213: Received end of data from device
574213: Received ping response
575031: Searching for devices.
575035: Started receiving data from device
575042: Received end of data from device
575042: Received search response
575203: Pinging selected device.
575207: Started receiving data from device
575215: Received end of data from device
575215: Received ping response
576203: Pinging selected device.
576207: Started receiving data from device
576214: Received end of data from device
576214: Received ping response
577203: Pinging selected device.
577207: Started receiving data from device
577215: Received end of data from device
577215: Received ping response
578203: Pinging selected device.
578206: Started receiving data from device
578214: Received end of data from device
578214: Received ping response
579203: Pinging selected device.
579208: Started receiving data from device
579214: Received end of data from device
579214: Received ping response
580031: Searching for devices.
580035: Started receiving data from device
580042: Received end of data from device
580042: Received search response
580203: Pinging selected device.
580207: Started receiving data from device
580214: Received end of data from device
580214: Received ping response
581203: Pinging selected device.
581207: Started receiving data from device
581214: Received end of data from device
581214: Received ping response
582203: Pinging selected device.
582207: Started receiving data from device
582214: Received end of data from device
582214: Received ping response
583203: Pinging selected device.
583207: Started receiving data from device
583214: Received end of data from device
583214: Received ping response
584203: Pinging selected device.
584207: Started receiving data from device
584214: Received end of data from device
584214: Received ping response
585031: Searching for devices.
585034: Started receiving data from device
585041: Received end of data from device
585041: Received search response
585204: Pinging selected device.
585207: Started receiving data from device
585215: Received end of data from device
585215: Received ping response
586204: Pinging selected device.
586208: Started receiving data from device
586215: Received end of data from device
586215: Received ping response
587204: Pinging selected device.
587209: Started receiving data from device
587215: Received end of data from device
587215: Received ping response
588204: Pinging selected device.
588208: Started receiving data from device
588215: Received end of data from device
588215: Received ping response
589204: Pinging selected device.
589208: Started receiving data from device
589215: Received end of data from device
589215: Received ping response
590031: Searching for devices.
590035: Started receiving data from device
590043: Received end of data from device
590043: Received search response
590204: Pinging selected device.
590208: Started receiving data from device
590215: Received end of data from device
590215: Received ping response
591204: Pinging selected device.
591208: Started receiving data from device
591215: Received end of data from device
591215: Received ping response
592204: Pinging selected device.
592208: Started receiving data from device
592215: Received end of data from device
592215: Received ping response
593204: Pinging selected device.
593209: Started receiving data from device
593214: Received end of data from device
593214: Received ping response
594205: Pinging selected device.
594208: Started receiving data from device
594215: Received end of data from device
594215: Received ping response
595031: Searching for devices.
595035: Started receiving data from device
595042: Received end of data from device
595042: Received search response
595206: Pinging selected device.
595210: Started receiving data from device
595217: Received end of data from device
595217: Received ping response
596206: Pinging selected device.
596209: Started receiving data from device
596216: Received end of data from device
596216: Received ping response
597206: Pinging selected device.
597209: Started receiving data from device
597217: Received end of data from device
597217: Received ping response
598207: Pinging selected device.
598212: Started receiving data from device
598217: Received end of data from device
598217: Received ping response
599207: Pinging selected device.
599211: Started receiving data from device
599218: Received end of data from device
599218: Received ping response
600031: Searching for devices.
600035: Started receiving data from device
600042: Received end of data from device
600042: Received search response
600220: Pinging selected device.
600227: Started receiving data from device
600231: Received end of data from device
600231: Received ping response
601220: Pinging selected device.
601224: Started receiving data from device
601231: Received end of data from device
601231: Received ping response
602220: Pinging selected device.
602224: Started receiving data from device
602231: Received end of data from device
602231: Received ping response
603220: Pinging selected device.
603224: Started receiving data from device
603231: Received end of data from device
603231: Received ping response
604220: Pinging selected device.
604224: Started receiving data from device
604231: Received end of data from device
604231: Received ping response
605031: Searching for devices.
605034: Started receiving data from device
605042: Received end of data from device
605042: Received search response
605220: Pinging selected device.
605224: Started receiving data from device
605231: Received end of data from device
605231: Received ping response
606220: Pinging selected device.
606225: Started receiving data from device
606231: Received end of data from device
606231: Received ping response
607221: Pinging selected device.
607224: Started receiving data from device
607231: Received end of data from device
607231: Received ping response
608221: Pinging selected device.
608224: Started receiving data from device
608231: Received end of data from device
608231: Received ping response
609221: Pinging selected device.
609225: Started receiving data from device
609232: Received end of data from device
609232: Received ping response
610032: Searching for devices.
610035: Started receiving data from device
610042: Received end of data from device
610042: Received search response
610222: Pinging selected device.
610227: Started receiving data from device
610233: Received end of data from device
610233: Received ping response
611222: Pinging selected device.
611226: Started receiving data from device
611233: Received end of data from device
611233: Received ping response
612222: Pinging selected device.
612226: Started receiving data from device
612233: Received end of data from device
612233: Received ping response
613222: Pinging selected device.
613226: Started receiving data from device
613233: Received end of data from device
613233: Received ping response
614223: Pinging selected device.
614226: Started receiving data from device
614234: Received end of data from device
614234: Received ping response
615032: Searching for devices.
615035: Started receiving data from device
615042: Received end of data from device
615042: Received search response
615224: Pinging selected device.
615227: Started receiving data from device
615235: Received end of data from device
615235: Received ping response
616225: Pinging selected device.
616229: Started receiving data from device
616236: Received end of data from device
616236: Received ping response
617225: Pinging selected device.
617228: Started receiving data from device
617236: Received end of data from device
617236: Received ping response
618225: Pinging selected device.
618229: Started receiving data from device
618236: Received end of data from device
618236: Received ping response
619226: Pinging selected device.
619229: Started receiving data from device
619236: Received end of data from device
619236: Received ping response
620032: Searching for devices.
620035: Started receiving data from device
620043: Received end of data from device
620043: Received search response
620227: Pinging selected device.
620230: Started receiving data from device
620237: Received end of data from device
620237: Received ping response
621227: Pinging selected device.
621231: Started receiving data from device
621239: Received end of data from device
621239: Received ping response
622228: Pinging selected device.
622231: Started receiving data from device
622239: Received end of data from device
622239: Received ping response
623228: Pinging selected device.
623232: Started receiving data from device
623239: Received end of data from device
623239: Received ping response
624228: Pinging selected device.
624232: Started receiving data from device
624239: Received end of data from device
624239: Received ping response
625032: Searching for devices.
625036: Started receiving data from device
625042: Received end of data from device
625042: Received search response
625228: Pinging selected device.
625232: Started receiving data from device
625240: Received end of data from device
625240: Received ping response
626228: Pinging selected device.
626232: Started receiving data from device
626239: Received end of data from device
626239: Received ping response
627229: Pinging selected device.
627233: Started receiving data from device
627240: Received end of data from device
627240: Received ping response
628229: Pinging selected device.
628234: Started receiving data from device
628240: Received end of data from device
628240: Received ping response
629229: Pinging selected device.
629233: Started receiving data from device
629240: Received end of data from device
629240: Received ping response
630033: Searching for devices.
630036: Started receiving data from device
630043: Received end of data from device
630043: Received search response
630229: Pinging selected device.
630233: Started receiving data from device
630240: Received end of data from device
630240: Received ping response
631230: Pinging selected device.
631233: Started receiving data from device
631241: Received end of data from device
631241: Received ping response
632230: Pinging selected device.
632234: Started receiving data from device
632241: Received end of data from device
632241: Received ping response
633230: Pinging selected device.
633234: Started receiving data from device
633240: Received end of data from device
633240: Received ping response
634230: Pinging selected device.
634234: Started receiving data from device
634241: Received end of data from device
634241: Received ping response
635033: Searching for devices.
635036: Started receiving data from device
635043: Received end of data from device
635043: Received search response
635230: Pinging selected device.
635234: Started receiving data from device
635241: Received end of data from device
635241: Received ping response
636230: Pinging selected device.
636234: Started receiving data from device
636241: Received end of data from device
636241: Received ping response
637230: Pinging selected device.
637233: Started receiving data from device
637241: Received end of data from device
637241: Received ping response
638230: Pinging selected device.
638235: Started receiving data from device
638241: Received end of data from device
638241: Received ping response
639230: Pinging selected device.
639235: Started receiving data from device
639241: Received end of data from device
639241: Received ping response
640034: Searching for devices.
640038: Started receiving data from device
640044: Received end of data from device
640044: Received search response
640230: Pinging selected device.
640235: Started receiving data from device
640241: Received end of data from device
640241: Received ping response
641230: Pinging selected device.
641234: Started receiving data from device
641241: Received end of data from device
641241: Received ping response
642230: Pinging selected device.
642234: Started receiving data from device
642241: Received end of data from device
642241: Received ping response
643230: Pinging selected device.
643234: Started receiving data from device
643240: Received end of data from device
643240: Received ping response
644230: Pinging selected device.
644234: Started receiving data from device
644241: Received end of data from device
644241: Received ping response
645034: Searching for devices.
645037: Started receiving data from device
645044: Received end of data from device
645044: Received search response
645230: Pinging selected device.
645235: Started receiving data from device
645241: Received end of data from device
645241: Received ping response
646230: Pinging selected device.
646234: Started receiving data from device
646241: Received end of data from device
646241: Received ping response
647230: Pinging selected device.
647233: Started receiving data from device
647241: Received end of data from device
647241: Received ping response
648230: Pinging selected device.
648234: Started receiving data from device
648241: Received end of data from device
648241: Received ping response
649230: Pinging selected device.
649234: Started receiving data from device
649242: Received end of data from device
649242: Received ping response
650035: Searching for devices.
650039: Started receiving data from device
650046: Received end of data from device
650046: Received search response
650230: Pinging selected device.
650234: Started receiving data from device
650240: Received end of data from device
650240: Received ping response
651231: Pinging selected device.
651235: Started receiving data from device
651242: Received end of data from device
651242: Received ping response
652231: Pinging selected device.
652235: Started receiving data from device
652243: Received end of data from device
652243: Received ping response
653231: Pinging selected device.
653234: Started receiving data from device
653242: Received end of data from device
653242: Received ping response
654231: Pinging selected device.
654235: Started receiving data from device
654242: Received end of data from device
654242: Received ping response
655035: Searching for devices.
655039: Started receiving data from device
655046: Received end of data from device
655046: Received search response
655231: Pinging selected device.
655234: Started receiving data from device
655242: Received end of data from device
655242: Received ping response
656231: Pinging selected device.
656235: Started receiving data from device
656242: Received end of data from device
656242: Received ping response
657231: Pinging selected device.
657236: Started receiving data from device
657243: Received end of data from device
657243: Received ping response
658231: Pinging selected device.
658235: Started receiving data from device
658243: Received end of data from device
658243: Received ping response
659232: Pinging selected device.
659236: Started receiving data from device
659242: Received end of data from device
659242: Received ping response
660036: Searching for devices.
660039: Started receiving data from device
660047: Received end of data from device
660047: Received search response
660232: Pinging selected device.
660236: Started receiving data from device
660243: Received end of data from device
660243: Received ping response
661232: Pinging selected device.
661236: Started receiving data from device
661244: Received end of data from device
661244: Received ping response
662232: Pinging selected device.
662236: Started receiving data from device
662244: Received end of data from device
662244: Received ping response
663233: Pinging selected device.
663236: Started receiving data from device
663243: Received end of data from device
663243: Received ping response
664233: Pinging selected device.
664237: Started receiving data from device
664244: Received end of data from device
664244: Received ping response
665036: Searching for devices.
665040: Started receiving data from device
665046: Received end of data from device
665046: Received search response
665233: Pinging selected device.
665237: Started receiving data from device
665244: Received end of data from device
665244: Received ping response
666234: Pinging selected device.
666238: Started receiving data from device
666245: Received end of data from device
666245: Received ping response
667234: Pinging selected device.
667239: Started receiving data from device
667245: Received end of data from device
667245: Received ping response
668234: Pinging selected device.
668238: Started receiving data from device
668245: Received end of data from device
668245: Received ping response
669234: Pinging selected device.
669237: Started receiving data from device
669244: Received end of data from device
669244: Received ping response
670037: Searching for devices.
670040: Started receiving data from device
670048: Received end of data from device
670048: Received search response
670234: Pinging selected device.
670238: Started receiving data from device
670245: Received end of data from device
670245: Received ping response
671235: Pinging selected device.
671239: Started receiving data from device
671246: Received end of data from device
671246: Received ping response
672235: Pinging selected device.
672239: Started receiving data from device
672246: Received end of data from device
672246: Received ping response
673235: Pinging selected device.
673238: Started receiving data from device
673246: Received end of data from device
673246: Received ping response
674269: Pinging selected device.
674274: Started receiving data from device
674281: Received end of data from device
674281: Received ping response
675037: Searching for devices.
675040: Started receiving data from device
675048: Received end of data from device
675048: Received search response
675270: Pinging selected device.
675273: Started receiving data from device
675280: Received end of data from device
675280: Received ping response
676271: Pinging selected device.
676275: Started receiving data from device
676281: Received end of data from device
676281: Received ping response
677271: Pinging selected device.
677276: Started receiving data from device
677281: Received end of data from device
677281: Received ping response
678276: Pinging selected device.
678286: Started receiving data from device
678288: Received end of data from device
678288: Received ping response
679276: Pinging selected device.
679280: Started receiving data from device
679287: Received end of data from device
679287: Received ping response
680037: Searching for devices.
680040: Started receiving data from device
680048: Received end of data from device
680048: Received search response
680276: Pinging selected device.
680281: Started receiving data from device
680287: Received end of data from device
680287: Received ping response
681276: Pinging selected device.
681280: Started receiving data from device
681287: Received end of data from device
681287: Received ping response
682276: Pinging selected device.
682279: Started receiving data from device
682287: Received end of data from device
682287: Received ping response
683276: Pinging selected device.
683281: Started receiving data from device
683288: Received end of data from device
683288: Received ping response
684276: Pinging selected device.
684280: Started receiving data from device
684287: Received end of data from device
684287: Received ping response
685037: Searching for devices.
685041: Started receiving data from device
685048: Received end of data from device
685048: Received search response
685276: Pinging selected device.
685281: Started receiving data from device
685288: Received end of data from device
685288: Received ping response
686276: Pinging selected device.
686280: Started receiving data from device
686288: Received end of data from device
686288: Received ping response
687276: Pinging selected device.
687280: Started receiving data from device
687288: Received end of data from device
687288: Received ping response
688276: Pinging selected device.
688280: Started receiving data from device
688287: Received end of data from device
688287: Received ping response
689276: Pinging selected device.
689279: Started receiving data from device
689286: Received end of data from device
689286: Received ping response
690037: Searching for devices.
690041: Started receiving data from device
690048: Received end of data from device
690048: Received search response
690276: Pinging selected device.
690280: Started receiving data from device
690287: Received end of data from device
690287: Received ping response
691276: Pinging selected device.
691280: Started receiving data from device
691287: Received end of data from device
691287: Received ping response
692276: Pinging selected device.
692280: Started receiving data from device
692287: Received end of data from device
692287: Received ping response
693276: Pinging selected device.
693280: Started receiving data from device
693288: Received end of data from device
693288: Received ping response
694276: Pinging selected device.
694280: Started receiving data from device
694287: Received end of data from device
694287: Received ping response
695037: Searching for devices.
695041: Started receiving data from device
695048: Received end of data from device
695048: Received search response
695276: Pinging selected device.
695281: Started receiving data from device
695286: Received end of data from device
695286: Received ping response
696276: Pinging selected device.
696281: Started receiving data from device
696288: Received end of data from device
696288: Received ping response
697276: Pinging selected device.
697280: Started receiving data from device
697287: Received end of data from device
697287: Received ping response
698276: Pinging selected device.
698280: Started receiving data from device
698287: Received end of data from device
698287: Received ping response
699276: Pinging selected device.
699279: Started receiving data from device
699287: Received end of data from device
699287: Received ping response
700038: Searching for devices.
700041: Started receiving data from device
700048: Received end of data from device
700048: Received search response
700276: Pinging selected device.
700280: Started receiving data from device
700287: Received end of data from device
700287: Received ping response
701277: Pinging selected device.
701281: Started receiving data from device
701288: Received end of data from device
701288: Received ping response
702277: Pinging selected device.
702281: Started receiving data from device
702288: Received end of data from device
702288: Received ping response
703277: Pinging selected device.
703281: Started receiving data from device
703288: Received end of data from device
703288: Received ping response
704278: Pinging selected device.
704281: Started receiving data from device
704289: Received end of data from device
704289: Received ping response
705038: Searching for devices.
705042: Started receiving data from device
705049: Received end of data from device
705049: Received search response
705278: Pinging selected device.
705282: Started receiving data from device
705289: Received end of data from device
705289: Received ping response
706278: Pinging selected device.
706282: Started receiving data from device
706289: Received end of data from device
706289: Received ping response
707279: Pinging selected device.
707282: Started receiving data from device
707289: Received end of data from device
707289: Received ping response
708279: Pinging selected device.
708282: Started receiving data from device
708290: Received end of data from device
708290: Received ping response
709280: Pinging selected device.
709283: Started receiving data from device
709291: Received end of data from device
709291: Received ping response
710038: Searching for devices.
710041: Started receiving data from device
710048: Received end of data from device
710048: Received search response
710280: Pinging selected device.
710285: Started receiving data from device
710291: Received end of data from device
710291: Received ping response
711280: Pinging selected device.
711284: Started receiving data from device
711291: Received end of data from device
711291: Received ping response
712281: Pinging selected device.
712285: Started receiving data from device
712291: Received end of data from device
712291: Received ping response
713281: Pinging selected device.
713284: Started receiving data from device
713291: Received end of data from device
713291: Received ping response
714281: Pinging selected device.
714285: Started receiving data from device
714292: Received end of data from device
714292: Received ping response
715038: Searching for devices.
715042: Started receiving data from device
715048: Received end of data from device
715048: Received search response
715282: Pinging selected device.
715285: Started receiving data from device
715292: Received end of data from device
715292: Received ping response
716282: Pinging selected device.
716285: Started receiving data from device
716292: Received end of data from device
716292: Received ping response
717283: Pinging selected device.
717287: Started receiving data from device
717294: Received end of data from device
717294: Received ping response
718283: Pinging selected device.
718287: Started receiving data from device
718294: Received end of data from device
718294: Received ping response
719283: Pinging selected device.
719287: Started receiving data from device
719294: Received end of data from device
719294: Received ping response
720038: Searching for devices.
720041: Started receiving data from device
720049: Received end of data from device
720049: Received search response
720283: Pinging selected device.
720286: Started receiving data from device
720293: Received end of data from device
720293: Received ping response
721284: Pinging selected device.
721287: Started receiving data from device
721294: Received end of data from device
721294: Received ping response
722284: Pinging selected device.
722288: Started receiving data from device
722294: Received end of data from device
722294: Received ping response
723285: Pinging selected device.
723288: Started receiving data from device
723296: Received end of data from device
723296: Received ping response
724285: Pinging selected device.
724290: Started receiving data from device
724296: Received end of data from device
724296: Received ping response
725038: Searching for devices.
725042: Started receiving data from device
725049: Received end of data from device
725049: Received search response
725285: Pinging selected device.
725289: Started receiving data from device
725297: Received end of data from device
725297: Received ping response
726285: Pinging selected device.
726290: Started receiving data from device
726296: Received end of data from device
726296: Received ping response
727285: Pinging selected device.
727289: Started receiving data from device
727296: Received end of data from device
727296: Received ping response
728285: Pinging selected device.
728291: Started receiving data from device
728298: Received end of data from device
728298: Received ping response
729285: Pinging selected device.
729289: Started receiving data from device
729296: Received end of data from device
729296: Received ping response
730038: Searching for devices.
730041: Started receiving data from device
730048: Received end of data from device
730048: Received search response
730285: Pinging selected device.
730289: Started receiving data from device
730296: Received end of data from device
730296: Received ping response
731285: Pinging selected device.
731290: Started receiving data from device
731297: Received end of data from device
731297: Received ping response
732285: Pinging selected device.
732290: Started receiving data from device
732296: Received end of data from device
732296: Received ping response
733285: Pinging selected device.
733290: Started receiving data from device
733296: Received end of data from device
733296: Received ping response
734285: Pinging selected device.
734289: Started receiving data from device
734296: Received end of data from device
734296: Received ping response
735038: Searching for devices.
735042: Started receiving data from device
735049: Received end of data from device
735049: Received search response
735285: Pinging selected device.
735289: Started receiving data from device
735297: Received end of data from device
735297: Received ping response
736285: Pinging selected device.
736290: Started receiving data from device
736296: Received end of data from device
736296: Received ping response
737285: Pinging selected device.
737289: Started receiving data from device
737296: Received end of data from device
737296: Received ping response
738285: Pinging selected device.
738290: Started receiving data from device
738296: Received end of data from device
738296: Received ping response
739285: Pinging selected device.
739291: Started receiving data from device
739296: Received end of data from device
739296: Received ping response
740038: Searching for devices.
740041: Started receiving data from device
740048: Received end of data from device
740048: Received search response
740285: Pinging selected device.
740289: Started receiving data from device
740296: Received end of data from device
740296: Received ping response
741285: Pinging selected device.
741288: Started receiving data from device
741295: Received end of data from device
741295: Received ping response
742285: Pinging selected device.
742290: Started receiving data from device
742297: Received end of data from device
742297: Received ping response
743286: Pinging selected device.
743289: Started receiving data from device
743297: Received end of data from device
743297: Received ping response
744286: Pinging selected device.
744291: Started receiving data from device
744297: Received end of data from device
744297: Received ping response
745039: Searching for devices.
745042: Started receiving data from device
745048: Received end of data from device
745048: Received search response
745287: Pinging selected device.
745291: Started receiving data from device
745298: Received end of data from device
745298: Received ping response
746287: Pinging selected device.
746291: Started receiving data from device
746298: Received end of data from device
746298: Received ping response
747287: Pinging selected device.
747291: Started receiving data from device
747297: Received end of data from device
747297: Received ping response
748287: Pinging selected device.
748292: Started receiving data from device
748298: Received end of data from device
748298: Received ping response
749287: Pinging selected device.
749290: Started receiving data from device
749297: Received end of data from device
749297: Received ping response
750039: Searching for devices.
750043: Started receiving data from device
750050: Received end of data from device
750050: Received search response
750287: Pinging selected device.
750291: Started receiving data from device
750298: Received end of data from device
750298: Received ping response
751287: Pinging selected device.
751291: Started receiving data from device
751298: Received end of data from device
751298: Received ping response
752287: Pinging selected device.
752291: Started receiving data from device
752298: Received end of data from device
752298: Received ping response
753287: Pinging selected device.
753291: Started receiving data from device
753298: Received end of data from device
753298: Received ping response
754287: Pinging selected device.
754291: Started receiving data from device
754298: Received end of data from device
754298: Received ping response
755040: Searching for devices.
755043: Started receiving data from device
755050: Received end of data from device
755050: Received search response
755287: Pinging selected device.
755291: Started receiving data from device
755298: Received end of data from device
755298: Received ping response
756287: Pinging selected device.
756291: Started receiving data from device
756298: Received end of data from device
756298: Received ping response
757287: Pinging selected device.
757290: Started receiving data from device
757297: Received end of data from device
757297: Received ping response
758288: Pinging selected device.
758292: Started receiving data from device
758299: Received end of data from device
758299: Received ping response
759288: Pinging selected device.
759292: Started receiving data from device
759300: Received end of data from device
759300: Received ping response
760040: Searching for devices.
760044: Started receiving data from device
760051: Received end of data from device
760051: Received search response
760288: Pinging selected device.
760292: Started receiving data from device
760299: Received end of data from device
760299: Received ping response
761288: Pinging selected device.
761293: Started receiving data from device
761299: Received end of data from device
761299: Received ping response
762288: Pinging selected device.
762293: Started receiving data from device
762299: Received end of data from device
762299: Received ping response
763288: Pinging selected device.
763291: Started receiving data from device
763299: Received end of data from device
763299: Received ping response
764288: Pinging selected device.
764293: Started receiving data from device
764299: Received end of data from device
764299: Received ping response
765040: Searching for devices.
765043: Started receiving data from device
765051: Received end of data from device
765051: Received search response
765288: Pinging selected device.
765293: Started receiving data from device
765299: Received end of data from device
765299: Received ping response
766288: Pinging selected device.
766292: Started receiving data from device
766299: Received end of data from device
766299: Received ping response
767288: Pinging selected device.
767293: Started receiving data from device
767299: Received end of data from device
767299: Received ping response
768289: Pinging selected device.
768292: Started receiving data from device
768299: Received end of data from device
768299: Received ping response
769289: Pinging selected device.
769292: Started receiving data from device
769299: Received end of data from device
769299: Received ping response
770040: Searching for devices.
770044: Started receiving data from device
770051: Received end of data from device
770051: Received search response
770289: Pinging selected device.
770293: Started receiving data from device
770300: Received end of data from device
770300: Received ping response
771289: Pinging selected device.
771293: Started receiving data from device
771300: Received end of data from device
771300: Received ping response
772289: Pinging selected device.
772293: Started receiving data from device
772300: Received end of data from device
772300: Received ping response
773289: Pinging selected device.
773293: Started receiving data from device
773300: Received end of data from device
773300: Received ping response
774289: Pinging selected device.
774293: Started receiving data from device
774300: Received end of data from device
774300: Received ping response
775040: Searching for devices.
775044: Started receiving data from device
775051: Received end of data from device
775051: Received search response
775289: Pinging selected device.
775293: Started receiving data from device
775300: Received end of data from device
775300: Received ping response
776290: Pinging selected device.
776294: Started receiving data from device
776301: Received end of data from device
776301: Received ping response
777290: Pinging selected device.
777294: Started receiving data from device
777300: Received end of data from device
777300: Received ping response
778290: Pinging selected device.
778293: Started receiving data from device
778301: Received end of data from device
778301: Received ping response
779291: Pinging selected device.
779295: Started receiving data from device
779301: Received end of data from device
779301: Received ping response
780040: Searching for devices.
780043: Started receiving data from device
780050: Received end of data from device
780050: Received search response
780291: Pinging selected device.
780294: Started receiving data from device
780302: Received end of data from device
780302: Received ping response
781291: Pinging selected device.
781295: Started receiving data from device
781302: Received end of data from device
781302: Received ping response
782291: Pinging selected device.
782295: Started receiving data from device
782302: Received end of data from device
782302: Received ping response
783291: Pinging selected device.
783295: Started receiving data from device
783302: Received end of data from device
783302: Received ping response
784291: Pinging selected device.
784296: Started receiving data from device
784302: Received end of data from device
784302: Received ping response
785040: Searching for devices.
785044: Started receiving data from device
785050: Received end of data from device
785050: Received search response
785292: Pinging selected device.
785296: Started receiving data from device
785303: Received end of data from device
785303: Received ping response
786292: Pinging selected device.
786296: Started receiving data from device
786304: Received end of data from device
786304: Received ping response
787292: Pinging selected device.
787295: Started receiving data from device
787303: Received end of data from device
787303: Received ping response
788292: Pinging selected device.
788296: Started receiving data from device
788303: Received end of data from device
788303: Received ping response
789292: Pinging selected device.
789295: Started receiving data from device
789303: Received end of data from device
789303: Received ping response
790040: Searching for devices.
790044: Started receiving data from device
790051: Received end of data from device
790051: Received search response
790292: Pinging selected device.
790296: Started receiving data from device
790304: Received end of data from device
790304: Received ping response
791292: Pinging selected device.
791296: Started receiving data from device
791303: Received end of data from device
791303: Received ping response
792292: Pinging selected device.
792296: Started receiving data from device
792303: Received end of data from device
792303: Received ping response
793292: Pinging selected device.
793298: Started receiving data from device
793304: Received end of data from device
793304: Received ping response
794292: Pinging selected device.
794296: Started receiving data from device
794303: Received end of data from device
794303: Received ping response
795041: Searching for devices.
795044: Started receiving data from device
795052: Received end of data from device
795052: Received search response
795292: Pinging selected device.
795296: Started receiving data from device
795304: Received end of data from device
795304: Received ping response
796292: Pinging selected device.
796296: Started receiving data from device
796303: Received end of data from device
796303: Received ping response
797292: Pinging selected device.
797296: Started receiving data from device
797303: Received end of data from device
797303: Received ping response
798292: Pinging selected device.
798295: Started receiving data from device
798303: Received end of data from device
798303: Received ping response
799292: Pinging selected device.
799297: Started receiving data from device
799303: Received end of data from device
799303: Received ping response
800041: Searching for devices.
800045: Started receiving data from device
800052: Received end of data from device
800052: Received search response
800293: Pinging selected device.
800297: Started receiving data from device
800304: Received end of data from device
800304: Received ping response
801294: Pinging selected device.
801298: Started receiving data from device
801305: Received end of data from device
801305: Received ping response
802294: Pinging selected device.
802298: Started receiving data from device
802305: Received end of data from device
802305: Received ping response
803294: Pinging selected device.
803298: Started receiving data from device
803305: Received end of data from device
803305: Received ping response
804294: Pinging selected device.
804298: Started receiving data from device
804305: Received end of data from device
804305: Received ping response
805041: Searching for devices.
805045: Started receiving data from device
805052: Received end of data from device
805052: Received search response
805294: Pinging selected device.
805298: Started receiving data from device
805305: Received end of data from device
805305: Received ping response
806294: Pinging selected device.
806298: Started receiving data from device
806305: Received end of data from device
806305: Received ping response
807294: Pinging selected device.
807297: Started receiving data from device
807305: Received end of data from device
807305: Received ping response
808294: Pinging selected device.
808298: Started receiving data from device
808305: Received end of data from device
808305: Received ping response
809294: Pinging selected device.
809298: Started receiving data from device
809306: Received end of data from device
809306: Received ping response
810041: Searching for devices.
810045: Started receiving data from device
810051: Received end of data from device
810051: Received search response
810295: Pinging selected device.
810298: Started receiving data from device
810312: Received end of data from device
810312: Received ping response
811295: Pinging selected device.
811299: Started receiving data from device
811306: Received end of data from device
811306: Received ping response
812295: Pinging selected device.
812299: Started receiving data from device
812307: Received end of data from device
812307: Received ping response
813295: Pinging selected device.
813299: Started receiving data from device
813307: Received end of data from device
813307: Received ping response
814295: Pinging selected device.
814299: Started receiving data from device
814306: Received end of data from device
814306: Received ping response
815041: Searching for devices.
815044: Started receiving data from device
815051: Received end of data from device
815051: Received search response
815295: Pinging selected device.
815299: Started receiving data from device
815306: Received end of data from device
815306: Received ping response
816296: Pinging selected device.
816301: Started receiving data from device
816307: Received end of data from device
816307: Received ping response
817296: Pinging selected device.
817299: Started receiving data from device
817306: Received end of data from device
817306: Received ping response
818296: Pinging selected device.
818300: Started receiving data from device
818307: Received end of data from device
818307: Received ping response
819296: Pinging selected device.
819300: Started receiving data from device
819308: Received end of data from device
819308: Received ping response
820041: Searching for devices.
820045: Started receiving data from device
820052: Received end of data from device
820052: Received search response
820296: Pinging selected device.
820299: Started receiving data from device
820306: Received end of data from device
820306: Received ping response
821296: Pinging selected device.
821300: Started receiving data from device
821307: Received end of data from device
821307: Received ping response
822296: Pinging selected device.
822300: Started receiving data from device
822307: Received end of data from device
822307: Received ping response
823296: Pinging selected device.
823300: Started receiving data from device
823307: Received end of data from device
823307: Received ping response
824296: Pinging selected device.
824300: Started receiving data from device
824307: Received end of data from device
824307: Received ping response
825041: Searching for devices.
825045: Started receiving data from device
825052: Received end of data from device
825052: Received search response
825296: Pinging selected device.
825300: Started receiving data from device
825307: Received end of data from device
825307: Received ping response
826296: Pinging selected device.
826300: Started receiving data from device
826307: Received end of data from device
826307: Received ping response
827296: Pinging selected device.
827299: Started receiving data from device
827306: Received end of data from device
827306: Received ping response
828296: Pinging selected device.
828300: Started receiving data from device
828307: Received end of data from device
828307: Received ping response
829296: Pinging selected device.
829300: Started receiving data from device
829307: Received end of data from device
829307: Received ping response
830041: Searching for devices.
830045: Started receiving data from device
830052: Received end of data from device
830052: Received search response
830296: Pinging selected device.
830300: Started receiving data from device
830307: Received end of data from device
830307: Received ping response
831297: Pinging selected device.
831300: Started receiving data from device
831308: Received end of data from device
831308: Received ping response
832297: Pinging selected device.
832301: Started receiving data from device
832308: Received end of data from device
832308: Received ping response
833297: Pinging selected device.
833301: Started receiving data from device
833308: Received end of data from device
833308: Received ping response
834297: Pinging selected device.
834300: Started receiving data from device
834307: Received end of data from device
834307: Received ping response
835041: Searching for devices.
835044: Started receiving data from device
835052: Received end of data from device
835052: Received search response
835298: Pinging selected device.
835301: Started receiving data from device
835308: Received end of data from device
835308: Received ping response
836298: Pinging selected device.
836302: Started receiving data from device
836309: Received end of data from device
836309: Received ping response
837298: Pinging selected device.
837302: Started receiving data from device
837309: Received end of data from device
837309: Received ping response
838299: Pinging selected device.
838302: Started receiving data from device
838309: Received end of data from device
838309: Received ping response
839299: Pinging selected device.
839302: Started receiving data from device
839309: Received end of data from device
839309: Received ping response
840041: Searching for devices.
840044: Started receiving data from device
840051: Received end of data from device
840051: Received search response
840299: Pinging selected device.
840303: Started receiving data from device
840311: Received end of data from device
840311: Received ping response
841299: Pinging selected device.
841303: Started receiving data from device
841310: Received end of data from device
841310: Received ping response
842299: Pinging selected device.
842304: Started receiving data from device
842311: Received end of data from device
842311: Received ping response
843299: Pinging selected device.
843303: Started receiving data from device
843309: Received end of data from device
843309: Received ping response
844299: Pinging selected device.
844303: Started receiving data from device
844310: Received end of data from device
844310: Received ping response
845041: Searching for devices.
845045: Started receiving data from device
845052: Received end of data from device
845052: Received search response
845299: Pinging selected device.
845303: Started receiving data from device
845310: Received end of data from device
845310: Received ping response
846299: Pinging selected device.
846302: Started receiving data from device
846309: Received end of data from device
846309: Received ping response
847299: Pinging selected device.
847303: Started receiving data from device
847310: Received end of data from device
847310: Received ping response
848299: Pinging selected device.
848303: Started receiving data from device
848310: Received end of data from device
848310: Received ping response
849299: Pinging selected device.
849302: Started receiving data from device
849310: Received end of data from device
849310: Received ping response
850041: Searching for devices.
850045: Started receiving data from device
850052: Received end of data from device
850052: Received search response
850300: Pinging selected device.
850304: Started receiving data from device
850311: Received end of data from device
850311: Received ping response
851302: Pinging selected device.
851306: Started receiving data from device
851315: Received end of data from device
851315: Received ping response
852302: Pinging selected device.
852306: Started receiving data from device
852313: Received end of data from device
852313: Received ping response
853302: Pinging selected device.
853306: Started receiving data from device
853312: Received end of data from device
853312: Received ping response
854302: Pinging selected device.
854306: Started receiving data from device
854314: Received end of data from device
854314: Received ping response
855042: Searching for devices.
855045: Started receiving data from device
855053: Received end of data from device
855053: Received search response
855302: Pinging selected device.
855307: Started receiving data from device
855314: Received end of data from device
855314: Received ping response
856302: Pinging selected device.
856306: Started receiving data from device
856313: Received end of data from device
856313: Received ping response
857302: Pinging selected device.
857306: Started receiving data from device
857313: Received end of data from device
857313: Received ping response
858302: Pinging selected device.
858307: Started receiving data from device
858312: Received end of data from device
858312: Received ping response
859302: Pinging selected device.
859305: Started receiving data from device
859313: Received end of data from device
859313: Received ping response
860042: Searching for devices.
860046: Started receiving data from device
860053: Received end of data from device
860053: Received search response
860302: Pinging selected device.
860306: Started receiving data from device
860313: Received end of data from device
860313: Received ping response
861302: Pinging selected device.
861307: Started receiving data from device
861313: Received end of data from device
861313: Received ping response
862302: Pinging selected device.
862306: Started receiving data from device
862313: Received end of data from device
862313: Received ping response
863303: Pinging selected device.
863307: Started receiving data from device
863314: Received end of data from device
863314: Received ping response
864303: Pinging selected device.
864307: Started receiving data from device
864314: Received end of data from device
864314: Received ping response
865042: Searching for devices.
865045: Started receiving data from device
865052: Received end of data from device
865052: Received search response
865304: Pinging selected device.
865308: Started receiving data from device
865314: Received end of data from device
865314: Received ping response
866304: Pinging selected device.
866308: Started receiving data from device
866316: Received end of data from device
866316: Received ping response
867304: Pinging selected device.
867308: Started receiving data from device
867316: Received end of data from device
867316: Received ping response
868305: Pinging selected device.
868308: Started receiving data from device
868315: Received end of data from device
868315: Received ping response
869305: Pinging selected device.
869309: Started receiving data from device
869316: Received end of data from device
869316: Received ping response
870042: Searching for devices.
870046: Started receiving data from device
870053: Received end of data from device
870053: Received search response
870306: Pinging selected device.
870309: Started receiving data from device
870316: Received end of data from device
870316: Received ping response
871306: Pinging selected device.
871310: Started receiving data from device
871316: Received end of data from device
871316: Received ping response
872306: Pinging selected device.
872310: Started receiving data from device
872316: Received end of data from device
872316: Received ping response
873306: Pinging selected device.
873310: Started receiving data from device
873317: Received end of data from device
873317: Received ping response
874306: Pinging selected device.
874309: Started receiving data from device
874317: Received end of data from device
874317: Received ping response
875042: Searching for devices.
875046: Started receiving data from device
875052: Received end of data from device
875052: Received search response
875306: Pinging selected device.
875310: Started receiving data from device
875316: Received end of data from device
875316: Received ping response
876306: Pinging selected device.
876309: Started receiving data from device
876317: Received end of data from device
876317: Received ping response
877306: Pinging selected device.
877310: Started receiving data from device
877317: Received end of data from device
877317: Received ping response
878306: Pinging selected device.
878310: Started receiving data from device
878317: Received end of data from device
878317: Received ping response
879306: Pinging selected device.
879309: Started receiving data from device
879317: Received end of data from device
879317: Received ping response
880042: Searching for devices.
880045: Started receiving data from device
880052: Received end of data from device
880052: Received search response
880306: Pinging selected device.
880310: Started receiving data from device
880317: Received end of data from device
880317: Received ping response
881306: Pinging selected device.
881310: Started receiving data from device
881317: Received end of data from device
881317: Received ping response
882306: Pinging selected device.
882310: Started receiving data from device
882317: Received end of data from device
882317: Received ping response
883306: Pinging selected device.
883311: Started receiving data from device
883317: Received end of data from device
883317: Received ping response
884306: Pinging selected device.
884311: Started receiving data from device
884318: Received end of data from device
884318: Received ping response
885042: Searching for devices.
885045: Started receiving data from device
885052: Received end of data from device
885052: Received search response
885306: Pinging selected device.
885310: Started receiving data from device
885317: Received end of data from device
885317: Received ping response
886306: Pinging selected device.
886309: Started receiving data from device
886317: Received end of data from device
886317: Received ping response
887306: Pinging selected device.
887310: Started receiving data from device
887317: Received end of data from device
887317: Received ping response
888306: Pinging selected device.
888310: Started receiving data from device
888317: Received end of data from device
888317: Received ping response
889306: Pinging selected device.
889310: Started receiving data from device
889317: Received end of data from device
889317: Received ping response
890042: Searching for devices.
890045: Started receiving data from device
890053: Received end of data from device
890053: Received search response
890306: Pinging selected device.
890310: Started receiving data from device
890317: Received end of data from device
890317: Received ping response
891306: Pinging selected device.
891310: Started receiving data from device
891317: Received end of data from device
891317: Received ping response
892306: Pinging selected device.
892310: Started receiving data from device
892317: Received end of data from device
892317: Received ping response
893306: Pinging selected device.
893310: Started receiving data from device
893317: Received end of data from device
893317: Received ping response
894306: Pinging selected device.
894310: Started receiving data from device
894317: Received end of data from device
894317: Received ping response
895042: Searching for devices.
895046: Started receiving data from device
895053: Received end of data from device
895053: Received search response
895306: Pinging selected device.
895309: Started receiving data from device
895316: Received end of data from device
895316: Received ping response
896306: Pinging selected device.
896309: Started receiving data from device
896316: Received end of data from device
896316: Received ping response
897306: Pinging selected device.
897309: Started receiving data from device
897316: Received end of data from device
897316: Received ping response
898307: Pinging selected device.
898311: Started receiving data from device
898318: Received end of data from device
898318: Received ping response
899307: Pinging selected device.
899310: Started receiving data from device
899317: Received end of data from device
899317: Received ping response
900042: Searching for devices.
900046: Started receiving data from device
900053: Received end of data from device
900053: Received search response
900307: Pinging selected device.
900311: Started receiving data from device
900318: Received end of data from device
900318: Received ping response
901309: Pinging selected device.
901356: Started receiving data from device
901356: Received end of data from device
901356: Received ping response
902309: Pinging selected device.
902313: Started receiving data from device
902319: Received end of data from device
902319: Received ping response
903310: Pinging selected device.
903314: Started receiving data from device
903321: Received end of data from device
903321: Received ping response
904310: Pinging selected device.
904314: Started receiving data from device
904321: Received end of data from device
904321: Received ping response
905042: Searching for devices.
905046: Started receiving data from device
905053: Received end of data from device
905053: Received search response
905310: Pinging selected device.
905313: Started receiving data from device
905320: Received end of data from device
905320: Received ping response
906310: Pinging selected device.
906315: Started receiving data from device
906321: Received end of data from device
906321: Received ping response
907311: Pinging selected device.
907314: Started receiving data from device
907321: Received end of data from device
907321: Received ping response
908311: Pinging selected device.
908315: Started receiving data from device
908322: Received end of data from device
908322: Received ping response
909311: Pinging selected device.
909315: Started receiving data from device
909322: Received end of data from device
909322: Received ping response
910042: Searching for devices.
910046: Started receiving data from device
910053: Received end of data from device
910053: Received search response
910311: Pinging selected device.
910315: Started receiving data from device
910321: Received end of data from device
910321: Received ping response
911311: Pinging selected device.
911315: Started receiving data from device
911322: Received end of data from device
911322: Received ping response
912311: Pinging selected device.
912315: Started receiving data from device
912322: Received end of data from device
912322: Received ping response
913311: Pinging selected device.
913315: Started receiving data from device
913322: Received end of data from device
913322: Received ping response
914311: Pinging selected device.
914315: Started receiving data from device
914322: Received end of data from device
914322: Received ping response
915042: Searching for devices.
915046: Started receiving data from device
915053: Received end of data from device
915053: Received search response
915311: Pinging selected device.
915315: Started receiving data from device
915322: Received end of data from device
915322: Received ping response
916311: Pinging selected device.
916315: Started receiving data from device
916322: Received end of data from device
916322: Received ping response
917312: Pinging selected device.
917315: Started receiving data from device
917323: Received end of data from device
917323: Received ping response
918312: Pinging selected device.
918316: Started receiving data from device
918323: Received end of data from device
918323: Received ping response
919312: Pinging selected device.
919316: Started receiving data from device
919323: Received end of data from device
919323: Received ping response
920042: Searching for devices.
920046: Started receiving data from device
920052: Received end of data from device
920052: Received search response
920312: Pinging selected device.
920316: Started receiving data from device
920323: Received end of data from device
920323: Received ping response
921312: Pinging selected device.
921316: Started receiving data from device
921324: Received end of data from device
921324: Received ping response
922312: Pinging selected device.
922316: Started receiving data from device
922323: Received end of data from device
922323: Received ping response
923312: Pinging selected device.
923315: Started receiving data from device
923322: Received end of data from device
923322: Received ping response
924312: Pinging selected device.
924317: Started receiving data from device
924323: Received end of data from device
924323: Received ping response
925042: Searching for devices.
925046: Started receiving data from device
925053: Received end of data from device
925053: Received search response
925312: Pinging selected device.
925317: Started receiving data from device
925322: Received end of data from device
925322: Received ping response
926312: Pinging selected device.
926315: Started receiving data from device
926322: Received end of data from device
926322: Received ping response
927312: Pinging selected device.
927316: Started receiving data from device
927323: Received end of data from device
927323: Received ping response
928312: Pinging selected device.
928316: Started receiving data from device
928323: Received end of data from device
928323: Received ping response
929312: Pinging selected device.
929315: Started receiving data from device
929323: Received end of data from device
929323: Received ping response
930042: Searching for devices.
930046: Started receiving data from device
930054: Received end of data from device
930054: Received search response
930313: Pinging selected device.
930316: Started receiving data from device
930323: Received end of data from device
930323: Received ping response
931313: Pinging selected device.
931316: Started receiving data from device
931323: Received end of data from device
931323: Received ping response
932313: Pinging selected device.
932316: Started receiving data from device
932324: Received end of data from device
932324: Received ping response
933313: Pinging selected device.
933317: Started receiving data from device
933324: Received end of data from device
933324: Received ping response
934313: Pinging selected device.
934317: Started receiving data from device
934324: Received end of data from device
934324: Received ping response
935043: Searching for devices.
935046: Started receiving data from device
935053: Received end of data from device
935053: Received search response
935313: Pinging selected device.
935317: Started receiving data from device
935324: Received end of data from device
935324: Received ping response
936313: Pinging selected device.
936316: Started receiving data from device
936323: Received end of data from device
936323: Received ping response
937313: Pinging selected device.
937317: Started receiving data from device
937324: Received end of data from device
937324: Received ping response
938313: Pinging selected device.
938317: Started receiving data from device
938323: Received end of data from device
938323: Received ping response
939313: Pinging selected device.
939317: Started receiving data from device
939324: Received end of data from device
939324: Received ping response
940043: Searching for devices.
940047: Started receiving data from device
940054: Received end of data from device
940054: Received search response
940313: Pinging selected device.
940316: Started receiving data from device
940324: Received end of data from device
940324: Received ping response
941313: Pinging selected device.
941317: Started receiving data from device
941324: Received end of data from device
941324: Received ping response
942313: Pinging selected device.
942316: Started receiving data from device
942323: Received end of data from device
942323: Received ping response
943314: Pinging selected device.
943317: Started receiving data from device
943325: Received end of data from device
943325: Received ping response
944314: Pinging selected device.
944318: Started receiving data from device
944325: Received end of data from device
944325: Received ping response
945043: Searching for devices.
945047: Started receiving data from device
945054: Received end of data from device
945054: Received search response
945315: Pinging selected device.
945318: Started receiving data from device
945325: Received end of data from device
945325: Received ping response
946315: Pinging selected device.
946318: Started receiving data from device
946326: Received end of data from device
946326: Received ping response
947316: Pinging selected device.
947319: Started receiving data from device
947327: Received end of data from device
947327: Received ping response
948317: Pinging selected device.
948321: Started receiving data from device
948327: Received end of data from device
948327: Received ping response
949317: Pinging selected device.
949322: Started receiving data from device
949328: Received end of data from device
949328: Received ping response
950043: Searching for devices.
950046: Started receiving data from device
950054: Received end of data from device
950054: Received search response
950318: Pinging selected device.
950321: Started receiving data from device
950328: Received end of data from device
950328: Received ping response
951318: Pinging selected device.
951323: Started receiving data from device
951329: Received end of data from device
951329: Received ping response
952318: Pinging selected device.
952323: Started receiving data from device
952329: Received end of data from device
952329: Received ping response
953318: Pinging selected device.
953322: Started receiving data from device
953329: Received end of data from device
953329: Received ping response
954318: Pinging selected device.
954322: Started receiving data from device
954329: Received end of data from device
954329: Received ping response
955043: Searching for devices.
955046: Started receiving data from device
955054: Received end of data from device
955054: Received search response
955318: Pinging selected device.
955322: Started receiving data from device
955329: Received end of data from device
955329: Received ping response
956318: Pinging selected device.
956322: Started receiving data from device
956329: Received end of data from device
956329: Received ping response
957318: Pinging selected device.
957322: Started receiving data from device
957329: Received end of data from device
957329: Received ping response
958318: Pinging selected device.
958322: Started receiving data from device
958329: Received end of data from device
958329: Received ping response
959318: Pinging selected device.
959322: Started receiving data from device
959329: Received end of data from device
959329: Received ping response
960043: Searching for devices.
960046: Started receiving data from device
960054: Received end of data from device
960054: Received search response
960318: Pinging selected device.
960323: Started receiving data from device
960329: Received end of data from device
960329: Received ping response
961318: Pinging selected device.
961322: Started receiving data from device
961329: Received end of data from device
961329: Received ping response
962318: Pinging selected device.
962322: Started receiving data from device
962329: Received end of data from device
962329: Received ping response
963318: Pinging selected device.
963323: Started receiving data from device
963330: Received end of data from device
963330: Received ping response
964318: Pinging selected device.
964322: Started receiving data from device
964329: Received end of data from device
964329: Received ping response
965044: Searching for devices.
965047: Started receiving data from device
965054: Received end of data from device
965054: Received search response
965318: Pinging selected device.
965323: Started receiving data from device
965330: Received end of data from device
965330: Received ping response
966319: Pinging selected device.
966323: Started receiving data from device
966330: Received end of data from device
966330: Received ping response
967319: Pinging selected device.
967323: Started receiving data from device
967330: Received end of data from device
967330: Received ping response
968319: Pinging selected device.
968323: Started receiving data from device
968331: Received end of data from device
968331: Received ping response
969320: Pinging selected device.
969323: Started receiving data from device
969330: Received end of data from device
969330: Received ping response
970044: Searching for devices.
970048: Started receiving data from device
970055: Received end of data from device
970055: Received search response
970320: Pinging selected device.
970324: Started receiving data from device
970330: Received end of data from device
970330: Received ping response
971320: Pinging selected device.
971324: Started receiving data from device
971331: Received end of data from device
971331: Received ping response
972320: Pinging selected device.
972324: Started receiving data from device
972331: Received end of data from device
972331: Received ping response
973320: Pinging selected device.
973323: Started receiving data from device
973330: Received end of data from device
973330: Received ping response
974320: Pinging selected device.
974324: Started receiving data from device
974330: Received end of data from device
974330: Received ping response
975044: Searching for devices.
975048: Started receiving data from device
975055: Received end of data from device
975055: Received search response
975321: Pinging selected device.
975325: Started receiving data from device
975332: Received end of data from device
975332: Received ping response
976321: Pinging selected device.
976326: Started receiving data from device
976333: Received end of data from device
976333: Received ping response
977321: Pinging selected device.
977325: Started receiving data from device
977332: Received end of data from device
977332: Received ping response
978321: Pinging selected device.
978325: Started receiving data from device
978332: Received end of data from device
978332: Received ping response
979322: Pinging selected device.
979326: Started receiving data from device
979332: Received end of data from device
979332: Received ping response
980044: Searching for devices.
980048: Started receiving data from device
980055: Received end of data from device
980055: Received search response
980323: Pinging selected device.
980327: Started receiving data from device
980334: Received end of data from device
980334: Received ping response
981323: Pinging selected device.
981327: Started receiving data from device
981334: Received end of data from device
981334: Received ping response
982323: Pinging selected device.
982327: Started receiving data from device
982333: Received end of data from device
982333: Received ping response
983323: Pinging selected device.
983326: Started receiving data from device
983334: Received end of data from device
983334: Received ping response
984323: Pinging selected device.
984327: Started receiving data from device
984334: Received end of data from device
984334: Received ping response
985044: Searching for devices.
985047: Started receiving data from device
985054: Received end of data from device
985054: Received search response
985323: Pinging selected device.
985327: Started receiving data from device
985334: Received end of data from device
985334: Received ping response
986323: Pinging selected device.
986327: Started receiving data from device
986334: Received end of data from device
986334: Received ping response
987323: Pinging selected device.
987326: Started receiving data from device
987333: Received end of data from device
987333: Received ping response
988323: Pinging selected device.
988327: Started receiving data from device
988335: Received end of data from device
988335: Received ping response
989323: Pinging selected device.
989327: Started receiving data from device
989335: Received end of data from device
989335: Received ping response
990044: Searching for devices.
990047: Started receiving data from device
990055: Received end of data from device
990055: Received search response
990323: Pinging selected device.
990327: Started receiving data from device
990334: Received end of data from device
990334: Received ping response
991323: Pinging selected device.
991327: Started receiving data from device
991334: Received end of data from device
991334: Received ping response
992323: Pinging selected device.
992327: Started receiving data from device
992334: Received end of data from device
992334: Received ping response
993323: Pinging selected device.
993327: Started receiving data from device
993334: Received end of data from device
993334: Received ping response
994323: Pinging selected device.
994327: Started receiving data from device
994334: Received end of data from device
994334: Received ping response
995044: Searching for devices.
995048: Started receiving data from device
995055: Received end of data from device
995055: Received search response
995323: Pinging selected device.
995326: Started receiving data from device
995334: Received end of data from device
995334: Received ping response
996324: Pinging selected device.
996329: Started receiving data from device
996335: Received end of data from device
996335: Received ping response
997324: Pinging selected device.
997328: Started receiving data from device
997335: Received end of data from device
997335: Received ping response
998324: Pinging selected device.
998328: Started receiving data from device
998335: Received end of data from device
998335: Received ping response
999325: Pinging selected device.
999328: Started receiving data from device
999336: Received end of data from device
999336: Received ping response
1000044: Searching for devices.
1000048: Started receiving data from device
1000055: Received end of data from device
1000055: Received search response
1000325: Pinging selected device.
1000329: Started receiving data from device
1000336: Received end of data from device
1000336: Received ping response
1001325: Pinging selected device.
1001329: Started receiving data from device
1001336: Received end of data from device
1001336: Received ping response
1002325: Pinging selected device.
1002330: Started receiving data from device
1002336: Received end of data from device
1002336: Received ping response
1003325: Pinging selected device.
1003329: Started receiving data from device
1003336: Received end of data from device
1003336: Received ping response
1004325: Pinging selected device.
1004329: Started receiving data from device
1004337: Received end of data from device
1004337: Received ping response
1005044: Searching for devices.
1005047: Started receiving data from device
1005054: Received end of data from device
1005054: Received search response
1005325: Pinging selected device.
1005329: Started receiving data from device
1005336: Received end of data from device
1005336: Received ping response
1006325: Pinging selected device.
1006329: Started receiving data from device
1006336: Received end of data from device
1006336: Received ping response
1007325: Pinging selected device.
1007328: Started receiving data from device
1007336: Received end of data from device
1007336: Received ping response
1008325: Pinging selected device.
1008330: Started receiving data from device
1008336: Received end of data from device
1008336: Received ping response
1009325: Pinging selected device.
1009329: Started receiving data from device
1009336: Received end of data from device
1009336: Received ping response
1010044: Searching for devices.
1010048: Started receiving data from device
1010055: Received end of data from device
1010055: Received search response
1010325: Pinging selected device.
1010328: Started receiving data from device
1010336: Received end of data from device
1010336: Received ping response
1011325: Pinging selected device.
1011329: Started receiving data from device
1011336: Received end of data from device
1011336: Received ping response
1012325: Pinging selected device.
1012329: Started receiving data from device
1012337: Received end of data from device
1012337: Received ping response
1013325: Pinging selected device.
1013329: Started receiving data from device
1013336: Received end of data from device
1013336: Received ping response
1014325: Pinging selected device.
1014330: Started receiving data from device
1014337: Received end of data from device
1014337: Received ping response
1015044: Searching for devices.
1015048: Started receiving data from device
1015054: Received end of data from device
1015054: Received search response
1015325: Pinging selected device.
1015329: Started receiving data from device
1015336: Received end of data from device
1015336: Received ping response
1016326: Pinging selected device.
1016330: Started receiving data from device
1016337: Received end of data from device
1016337: Received ping response
1017326: Pinging selected device.
1017330: Started receiving data from device
1017337: Received end of data from device
1017337: Received ping response
1018326: Pinging selected device.
1018330: Started receiving data from device
1018337: Received end of data from device
1018337: Received ping response
1019326: Pinging selected device.
1019330: Started receiving data from device
1019337: Received end of data from device
1019337: Received ping response
1020044: Searching for devices.
1020048: Started receiving data from device
1020055: Received end of data from device
1020055: Received search response
1020326: Pinging selected device.
1020330: Started receiving data from device
1020337: Received end of data from device
1020337: Received ping response
1021326: Pinging selected device.
1021330: Started receiving data from device
1021337: Received end of data from device
1021337: Received ping response
1022326: Pinging selected device.
1022330: Started receiving data from device
1022337: Received end of data from device
1022337: Received ping response
1023326: Pinging selected device.
1023329: Started receiving data from device
1023336: Received end of data from device
1023336: Received ping response
1024326: Pinging selected device.
1024330: Started receiving data from device
1024337: Received end of data from device
1024337: Received ping response
1025044: Searching for devices.
1025047: Started receiving data from device
1025055: Received end of data from device
1025055: Received search response
1025326: Pinging selected device.
1025330: Started receiving data from device
1025337: Received end of data from device
1025337: Received ping response
1026326: Pinging selected device.
1026330: Started receiving data from device
1026337: Received end of data from device
1026337: Received ping response
1027326: Pinging selected device.
1027330: Started receiving data from device
1027337: Received end of data from device
1027337: Received ping response
1028326: Pinging selected device.
1028330: Started receiving data from device
1028337: Received end of data from device
1028337: Received ping response
1029327: Pinging selected device.
1029330: Started receiving data from device
1029337: Received end of data from device
1029337: Received ping response
1030044: Searching for devices.
1030048: Started receiving data from device
1030055: Received end of data from device
1030055: Received search response
1030327: Pinging selected device.
1030331: Started receiving data from device
1030338: Received end of data from device
1030338: Received ping response
1031328: Pinging selected device.
1031331: Started receiving data from device
1031339: Received end of data from device
1031339: Received ping response
1032328: Pinging selected device.
1032332: Started receiving data from device
1032339: Received end of data from device
1032339: Received ping response
1033328: Pinging selected device.
1033333: Started receiving data from device
1033339: Received end of data from device
1033339: Received ping response
1034328: Pinging selected device.
1034332: Started receiving data from device
1034339: Received end of data from device
1034339: Received ping response
1035044: Searching for devices.
1035048: Started receiving data from device
1035056: Received end of data from device
1035056: Received search response
1035328: Pinging selected device.
1035331: Started receiving data from device
1035339: Received end of data from device
1035339: Received ping response
1036328: Pinging selected device.
1036333: Started receiving data from device
1036340: Received end of data from device
1036340: Received ping response
1037328: Pinging selected device.
1037331: Started receiving data from device
1037338: Received end of data from device
1037338: Received ping response
1038328: Pinging selected device.
1038332: Started receiving data from device
1038339: Received end of data from device
1038339: Received ping response
1039329: Pinging selected device.
1039332: Started receiving data from device
1039339: Received end of data from device
1039339: Received ping response
1040044: Searching for devices.
1040048: Started receiving data from device
1040055: Received end of data from device
1040055: Received search response
1040329: Pinging selected device.
1040333: Started receiving data from device
1040340: Received end of data from device
1040340: Received ping response
1041330: Pinging selected device.
1041333: Started receiving data from device
1041341: Received end of data from device
1041341: Received ping response
1042330: Pinging selected device.
1042334: Started receiving data from device
1042341: Received end of data from device
1042341: Received ping response
1043330: Pinging selected device.
1043335: Started receiving data from device
1043340: Received end of data from device
1043340: Received ping response
1044330: Pinging selected device.
1044334: Started receiving data from device
1044341: Received end of data from device
1044341: Received ping response
1045045: Searching for devices.
1045049: Started receiving data from device
1045055: Received end of data from device
1045055: Received search response
1045330: Pinging selected device.
1045334: Started receiving data from device
1045342: Received end of data from device
1045342: Received ping response
1046330: Pinging selected device.
1046335: Started receiving data from device
1046341: Received end of data from device
1046341: Received ping response
1047330: Pinging selected device.
1047334: Started receiving data from device
1047340: Received end of data from device
1047340: Received ping response
1048330: Pinging selected device.
1048335: Started receiving data from device
1048341: Received end of data from device
1048341: Received ping response
1049330: Pinging selected device.
1049335: Started receiving data from device
1049342: Received end of data from device
1049342: Received ping response
1050045: Searching for devices.
1050048: Started receiving data from device
1050055: Received end of data from device
1050055: Received search response
1050331: Pinging selected device.
1050335: Started receiving data from device
1050342: Received end of data from device
1050342: Received ping response
1051331: Pinging selected device.
1051334: Started receiving data from device
1051341: Received end of data from device
1051341: Received ping response
1052331: Pinging selected device.
1052335: Started receiving data from device
1052342: Received end of data from device
1052342: Received ping response
1053331: Pinging selected device.
1053336: Started receiving data from device
1053342: Received end of data from device
1053342: Received ping response
1054331: Pinging selected device.
1054335: Started receiving data from device
1054342: Received end of data from device
1054342: Received ping response
1055045: Searching for devices.
1055048: Started receiving data from device
1055055: Received end of data from device
1055055: Received search response
1055331: Pinging selected device.
1055335: Started receiving data from device
1055342: Received end of data from device
1055342: Received ping response
1056332: Pinging selected device.
1056335: Started receiving data from device
1056342: Received end of data from device
1056342: Received ping response
1057332: Pinging selected device.
1057336: Started receiving data from device
1057343: Received end of data from device
1057343: Received ping response
1058333: Pinging selected device.
1058337: Started receiving data from device
1058344: Received end of data from device
1058344: Received ping response
1059333: Pinging selected device.
1059337: Started receiving data from device
1059344: Received end of data from device
1059344: Received ping response
1060045: Searching for devices.
1060049: Started receiving data from device
1060056: Received end of data from device
1060056: Received search response
1060333: Pinging selected device.
1060337: Started receiving data from device
1060344: Received end of data from device
1060344: Received ping response
1061333: Pinging selected device.
1061337: Started receiving data from device
1061344: Received end of data from device
1061344: Received ping response
1062333: Pinging selected device.
1062336: Started receiving data from device
1062343: Received end of data from device
1062343: Received ping response
1063333: Pinging selected device.
1063336: Started receiving data from device
1063343: Received end of data from device
1063343: Received ping response
1064333: Pinging selected device.
1064336: Started receiving data from device
1064344: Received end of data from device
1064344: Received ping response
1065045: Searching for devices.
1065049: Started receiving data from device
1065056: Received end of data from device
1065056: Received search response
1065333: Pinging selected device.
1065337: Started receiving data from device
1065344: Received end of data from device
1065344: Received ping response
1066333: Pinging selected device.
1066338: Started receiving data from device
1066344: Received end of data from device
1066344: Received ping response
1067333: Pinging selected device.
1067337: Started receiving data from device
1067344: Received end of data from device
1067344: Received ping response
1068333: Pinging selected device.
1068336: Started receiving data from device
1068344: Received end of data from device
1068344: Received ping response
1069333: Pinging selected device.
1069336: Started receiving data from device
1069343: Received end of data from device
1069343: Received ping response
1070045: Searching for devices.
1070048: Started receiving data from device
1070055: Received end of data from device
1070055: Received search response
1070333: Pinging selected device.
1070336: Started receiving data from device
1070344: Received end of data from device
1070344: Received ping response
1071333: Pinging selected device.
1071336: Started receiving data from device
1071343: Received end of data from device
1071343: Received ping response
1072334: Pinging selected device.
1072337: Started receiving data from device
1072344: Received end of data from device
1072344: Received ping response
1073335: Pinging selected device.
1073339: Started receiving data from device
1073346: Received end of data from device
1073346: Received ping response
1074336: Pinging selected device.
1074339: Started receiving data from device
1074346: Received end of data from device
1074346: Received ping response
1075045: Searching for devices.
1075049: Started receiving data from device
1075056: Received end of data from device
1075056: Received search response
1075336: Pinging selected device.
1075341: Started receiving data from device
1075348: Received end of data from device
1075348: Received ping response
1076336: Pinging selected device.
1076341: Started receiving data from device
1076348: Received end of data from device
1076348: Received ping response
1077336: Pinging selected device.
1077340: Started receiving data from device
1077347: Received end of data from device
1077347: Received ping response
1078336: Pinging selected device.
1078340: Started receiving data from device
1078348: Received end of data from device
1078348: Received ping response
1079336: Pinging selected device.
1079340: Started receiving data from device
1079346: Received end of data from device
1079346: Received ping response
1080045: Searching for devices.
1080049: Started receiving data from device
1080056: Received end of data from device
1080056: Received search response
1080336: Pinging selected device.
1080339: Started receiving data from device
1080346: Received end of data from device
1080346: Received ping response
1081337: Pinging selected device.
1081342: Started receiving data from device
1081348: Received end of data from device
1081348: Received ping response
1082337: Pinging selected device.
1082341: Started receiving data from device
1082348: Received end of data from device
1082348: Received ping response
1083338: Pinging selected device.
1083342: Started receiving data from device
1083348: Received end of data from device
1083348: Received ping response
1084339: Pinging selected device.
1084342: Started receiving data from device
1084350: Received end of data from device
1084350: Received ping response
1085045: Searching for devices.
1085048: Started receiving data from device
1085055: Received end of data from device
1085055: Received search response
1085339: Pinging selected device.
1085344: Started receiving data from device
1085350: Received end of data from device
1085350: Received ping response
1086339: Pinging selected device.
1086343: Started receiving data from device
1086350: Received end of data from device
1086350: Received ping response
1087339: Pinging selected device.
1087344: Started receiving data from device
1087350: Received end of data from device
1087350: Received ping response
1088339: Pinging selected device.
1088344: Started receiving data from device
1088350: Received end of data from device
1088350: Received ping response
1089339: Pinging selected device.
1089344: Started receiving data from device
1089350: Received end of data from device
1089350: Received ping response
1090045: Searching for devices.
1090048: Started receiving data from device
1090056: Received end of data from device
1090056: Received search response
1090339: Pinging selected device.
1090344: Started receiving data from device
1090351: Received end of data from device
1090351: Received ping response
1091340: Pinging selected device.
1091343: Started receiving data from device
1091350: Received end of data from device
1091350: Received ping response
1092340: Pinging selected device.
1092345: Started receiving data from device
1092352: Received end of data from device
1092352: Received ping response
1093341: Pinging selected device.
1093344: Started receiving data from device
1093351: Received end of data from device
1093351: Received ping response
1094342: Pinging selected device.
1094346: Started receiving data from device
1094353: Received end of data from device
1094353: Received ping response
1095045: Searching for devices.
1095050: Started receiving data from device
1095057: Received end of data from device
1095057: Received search response
1095342: Pinging selected device.
1095346: Started receiving data from device
1095353: Received end of data from device
1095353: Received ping response
1096343: Pinging selected device.
1096346: Started receiving data from device
1096354: Received end of data from device
1096354: Received ping response
1097343: Pinging selected device.
1097348: Started receiving data from device
1097354: Received end of data from device
1097354: Received ping response
1098343: Pinging selected device.
1098347: Started receiving data from device
1098354: Received end of data from device
1098354: Received ping response
1099343: Pinging selected device.
1099347: Started receiving data from device
1099354: Received end of data from device
1099354: Received ping response
1100045: Searching for devices.
1100049: Started receiving data from device
1100056: Received end of data from device
1100056: Received search response
1100343: Pinging selected device.
1100349: Started receiving data from device
1100355: Received end of data from device
1100355: Received ping response
1101343: Pinging selected device.
1101348: Started receiving data from device
1101354: Received end of data from device
1101354: Received ping response
1102344: Pinging selected device.
1102348: Started receiving data from device
1102355: Received end of data from device
1102355: Received ping response
1103344: Pinging selected device.
1103348: Started receiving data from device
1103355: Received end of data from device
1103355: Received ping response
1104345: Pinging selected device.
1104348: Started receiving data from device
1104355: Received end of data from device
1104355: Received ping response
1105046: Searching for devices.
1105050: Started receiving data from device
1105056: Received end of data from device
1105056: Received search response
1105345: Pinging selected device.
1105348: Started receiving data from device
1105355: Received end of data from device
1105355: Received ping response
1106345: Pinging selected device.
1106348: Started receiving data from device
1106356: Received end of data from device
1106356: Received ping response
1107345: Pinging selected device.
1107348: Started receiving data from device
1107355: Received end of data from device
1107355: Received ping response
1108345: Pinging selected device.
1108349: Started receiving data from device
1108356: Received end of data from device
1108356: Received ping response
1109345: Pinging selected device.
1109350: Started receiving data from device
1109356: Received end of data from device
1109356: Received ping response
1110046: Searching for devices.
1110050: Started receiving data from device
1110057: Received end of data from device
1110057: Received search response
1110345: Pinging selected device.
1110348: Started receiving data from device
1110355: Received end of data from device
1110355: Received ping response
1111346: Pinging selected device.
1111350: Started receiving data from device
1111357: Received end of data from device
1111357: Received ping response
1112346: Pinging selected device.
1112350: Started receiving data from device
1112357: Received end of data from device
1112357: Received ping response
1113346: Pinging selected device.
1113350: Started receiving data from device
1113357: Received end of data from device
1113357: Received ping response
1114346: Pinging selected device.
1114350: Started receiving data from device
1114358: Received end of data from device
1114358: Received ping response
1115046: Searching for devices.
1115050: Started receiving data from device
1115058: Received end of data from device
1115058: Received search response
1115347: Pinging selected device.
1115352: Started receiving data from device
1115358: Received end of data from device
1115358: Received ping response
1116348: Pinging selected device.
1116351: Started receiving data from device
1116359: Received end of data from device
1116359: Received ping response
1117348: Pinging selected device.
1117352: Started receiving data from device
1117359: Received end of data from device
1117359: Received ping response
1118349: Pinging selected device.
1118353: Started receiving data from device
1118359: Received end of data from device
1118359: Received ping response
1119349: Pinging selected device.
1119353: Started receiving data from device
1119359: Received end of data from device
1119359: Received ping response
1120046: Searching for devices.
1120050: Started receiving data from device
1120057: Received end of data from device
1120057: Received search response
1120349: Pinging selected device.
1120353: Started receiving data from device
1120360: Received end of data from device
1120360: Received ping response
1121349: Pinging selected device.
1121353: Started receiving data from device
1121360: Received end of data from device
1121360: Received ping response
1122350: Pinging selected device.
1122353: Started receiving data from device
1122361: Received end of data from device
1122361: Received ping response
1123350: Pinging selected device.
1123354: Started receiving data from device
1123361: Received end of data from device
1123361: Received ping response
1124350: Pinging selected device.
1124354: Started receiving data from device
1124361: Received end of data from device
1124361: Received ping response
1125046: Searching for devices.
1125050: Started receiving data from device
1125057: Received end of data from device
1125057: Received search response
1125350: Pinging selected device.
1125354: Started receiving data from device
1125361: Received end of data from device
1125361: Received ping response
1126350: Pinging selected device.
1126354: Started receiving data from device
1126361: Received end of data from device
1126361: Received ping response
1127350: Pinging selected device.
1127355: Started receiving data from device
1127361: Received end of data from device
1127361: Received ping response
1128351: Pinging selected device.
1128354: Started receiving data from device
1128362: Received end of data from device
1128362: Received ping response
1129351: Pinging selected device.
1129355: Started receiving data from device
1129362: Received end of data from device
1129362: Received ping response
1130046: Searching for devices.
1130050: Started receiving data from device
1130057: Received end of data from device
1130057: Received search response
1130352: Pinging selected device.
1130356: Started receiving data from device
1130362: Received end of data from device
1130362: Received ping response
1131352: Pinging selected device.
1131355: Started receiving data from device
1131362: Received end of data from device
1131362: Received ping response
1132352: Pinging selected device.
1132356: Started receiving data from device
1132363: Received end of data from device
1132363: Received ping response
1133353: Pinging selected device.
1133356: Started receiving data from device
1133364: Received end of data from device
1133364: Received ping response
1134353: Pinging selected device.
1134356: Started receiving data from device
1134364: Received end of data from device
1134364: Received ping response
1135046: Searching for devices.
1135050: Started receiving data from device
1135056: Received end of data from device
1135056: Received search response
1135353: Pinging selected device.
1135357: Started receiving data from device
1135364: Received end of data from device
1135364: Received ping response
1136353: Pinging selected device.
1136357: Started receiving data from device
1136364: Received end of data from device
1136364: Received ping response
1137353: Pinging selected device.
1137357: Started receiving data from device
1137364: Received end of data from device
1137364: Received ping response
1138354: Pinging selected device.
1138358: Started receiving data from device
1138365: Received end of data from device
1138365: Received ping response
1139354: Pinging selected device.
1139359: Started receiving data from device
1139366: Received end of data from device
1139366: Received ping response
1140046: Searching for devices.
1140050: Started receiving data from device
1140057: Received end of data from device
1140057: Received search response
1140355: Pinging selected device.
1140359: Started receiving data from device
1140366: Received end of data from device
1140366: Received ping response
1141356: Pinging selected device.
1141360: Started receiving data from device
1141367: Received end of data from device
1141367: Received ping response
1142356: Pinging selected device.
1142361: Started receiving data from device
1142367: Received end of data from device
1142367: Received ping response
1143357: Pinging selected device.
1143360: Started receiving data from device
1143367: Received end of data from device
1143367: Received ping response
1144357: Pinging selected device.
1144360: Started receiving data from device
1144367: Received end of data from device
1144367: Received ping response
1145046: Searching for devices.
1145050: Started receiving data from device
1145057: Received end of data from device
1145057: Received search response
1145358: Pinging selected device.
1145362: Started receiving data from device
1145369: Received end of data from device
1145369: Received ping response
1146359: Pinging selected device.
1146363: Started receiving data from device
1146370: Received end of data from device
1146370: Received ping response
1147359: Pinging selected device.
1147363: Started receiving data from device
1147370: Received end of data from device
1147370: Received ping response
1148359: Pinging selected device.
1148363: Started receiving data from device
1148370: Received end of data from device
1148370: Received ping response
1149359: Pinging selected device.
1149363: Started receiving data from device
1149370: Received end of data from device
1149370: Received ping response
1150046: Searching for devices.
1150050: Started receiving data from device
1150057: Received end of data from device
1150057: Received search response
1150359: Pinging selected device.
1150363: Started receiving data from device
1150370: Received end of data from device
1150370: Received ping response
1151359: Pinging selected device.
1151362: Started receiving data from device
1151370: Received end of data from device
1151370: Received ping response
1152360: Pinging selected device.
1152363: Started receiving data from device
1152370: Received end of data from device
1152370: Received ping response
1153360: Pinging selected device.
1153364: Started receiving data from device
1153371: Received end of data from device
1153371: Received ping response
1154361: Pinging selected device.
1154365: Started receiving data from device
1154372: Received end of data from device
1154372: Received ping response
1155046: Searching for devices.
1155050: Started receiving data from device
1155057: Received end of data from device
1155057: Received search response
1155362: Pinging selected device.
1155365: Started receiving data from device
1155372: Received end of data from device
1155372: Received ping response
1156362: Pinging selected device.
1156366: Started receiving data from device
1156373: Received end of data from device
1156373: Received ping response
1157362: Pinging selected device.
1157366: Started receiving data from device
1157373: Received end of data from device
1157373: Received ping response
1158362: Pinging selected device.
1158365: Started receiving data from device
1158373: Received end of data from device
1158373: Received ping response
1159362: Pinging selected device.
1159366: Started receiving data from device
1159373: Received end of data from device
1159373: Received ping response
1160046: Searching for devices.
1160050: Started receiving data from device
1160057: Received end of data from device
1160057: Received search response
1160362: Pinging selected device.
1160365: Started receiving data from device
1160372: Received end of data from device
1160372: Received ping response
1161362: Pinging selected device.
1161365: Started receiving data from device
1161372: Received end of data from device
1161372: Received ping response
1162362: Pinging selected device.
1162366: Started receiving data from device
1162373: Received end of data from device
1162373: Received ping response
1163362: Pinging selected device.
1163365: Started receiving data from device
1163373: Received end of data from device
1163373: Received ping response
1164400: Pinging selected device.
1164436: Started receiving data from device
1164436: Received end of data from device
1164436: Received ping response
1165046: Searching for devices.
1165050: Started receiving data from device
1165057: Received end of data from device
1165057: Received search response
1165400: Pinging selected device.
1165404: Started receiving data from device
1165411: Received end of data from device
1165411: Received ping response
1166400: Pinging selected device.
1166404: Started receiving data from device
1166412: Received end of data from device
1166412: Received ping response
1167400: Pinging selected device.
1167404: Started receiving data from device
1167411: Received end of data from device
1167411: Received ping response
1168400: Pinging selected device.
1168404: Started receiving data from device
1168411: Received end of data from device
1168411: Received ping response
1169400: Pinging selected device.
1169404: Started receiving data from device
1169411: Received end of data from device
1169411: Received ping response
1170046: Searching for devices.
1170050: Started receiving data from device
1170057: Received end of data from device
1170057: Received search response
1170400: Pinging selected device.
1170404: Started receiving data from device
1170411: Received end of data from device
1170411: Received ping response
1171400: Pinging selected device.
1171404: Started receiving data from device
1171411: Received end of data from device
1171411: Received ping response
1172401: Pinging selected device.
1172404: Started receiving data from device
1172412: Received end of data from device
1172412: Received ping response
1173401: Pinging selected device.
1173405: Started receiving data from device
1173412: Received end of data from device
1173412: Received ping response
1174401: Pinging selected device.
1174405: Started receiving data from device
1174413: Received end of data from device
1174413: Received ping response
1175046: Searching for devices.
1175050: Started receiving data from device
1175057: Received end of data from device
1175057: Received search response
1175401: Pinging selected device.
1175404: Started receiving data from device
1175411: Received end of data from device
1175411: Received ping response
1176402: Pinging selected device.
1176406: Started receiving data from device
1176413: Received end of data from device
1176413: Received ping response
1177403: Pinging selected device.
1177408: Started receiving data from device
1177415: Received end of data from device
1177415: Received ping response
1178403: Pinging selected device.
1178407: Started receiving data from device
1178414: Received end of data from device
1178414: Received ping response
1179403: Pinging selected device.
1179408: Started receiving data from device
1179414: Received end of data from device
1179414: Received ping response
1180046: Searching for devices.
1180050: Started receiving data from device
1180056: Received end of data from device
1180056: Received search response
1180403: Pinging selected device.
1180407: Started receiving data from device
1180414: Received end of data from device
1180414: Received ping response
1181403: Pinging selected device.
1181408: Started receiving data from device
1181414: Received end of data from device
1181414: Received ping response
1182403: Pinging selected device.
1182407: Started receiving data from device
1182414: Received end of data from device
1182414: Received ping response
1183403: Pinging selected device.
1183407: Started receiving data from device
1183413: Received end of data from device
1183413: Received ping response
1184403: Pinging selected device.
1184407: Started receiving data from device
1184414: Received end of data from device
1184414: Received ping response
1185046: Searching for devices.
1185050: Started receiving data from device
1185056: Received end of data from device
1185056: Received search response
1185403: Pinging selected device.
1185406: Started receiving data from device
1185414: Received end of data from device
1185414: Received ping response
1186403: Pinging selected device.
1186407: Started receiving data from device
1186414: Received end of data from device
1186414: Received ping response
1187403: Pinging selected device.
1187407: Started receiving data from device
1187414: Received end of data from device
1187414: Received ping response
1188403: Pinging selected device.
1188406: Started receiving data from device
1188413: Received end of data from device
1188413: Received ping response
1189403: Pinging selected device.
1189408: Started receiving data from device
1189414: Received end of data from device
1189414: Received ping response
1190047: Searching for devices.
1190050: Started receiving data from device
1190058: Received end of data from device
1190058: Received search response
1190403: Pinging selected device.
1190408: Started receiving data from device
1190415: Received end of data from device
1190415: Received ping response
1191403: Pinging selected device.
1191407: Started receiving data from device
1191414: Received end of data from device
1191414: Received ping response
1192403: Pinging selected device.
1192406: Started receiving data from device
1192413: Received end of data from device
1192413: Received ping response
1193403: Pinging selected device.
1193408: Started receiving data from device
1193414: Received end of data from device
1193414: Received ping response
1194403: Pinging selected device.
1194407: Started receiving data from device
1194414: Received end of data from device
1194414: Received ping response
1195047: Searching for devices.
1195051: Started receiving data from device
1195059: Received end of data from device
1195059: Received search response
1195403: Pinging selected device.
1195406: Started receiving data from device
1195414: Received end of data from device
1195414: Received ping response
1196403: Pinging selected device.
1196407: Started receiving data from device
1196414: Received end of data from device
1196414: Received ping response
1197403: Pinging selected device.
1197407: Started receiving data from device
1197414: Received end of data from device
1197414: Received ping response
1198403: Pinging selected device.
1198406: Started receiving data from device
1198413: Received end of data from device
1198413: Received ping response
1199403: Pinging selected device.
1199406: Started receiving data from device
1199413: Received end of data from device
1199413: Received ping response
1200047: Searching for devices.
1200050: Started receiving data from device
1200057: Received end of data from device
1200057: Received search response
1200404: Pinging selected device.
1200407: Started receiving data from device
1200414: Received end of data from device
1200414: Received ping response
1201404: Pinging selected device.
1201408: Started receiving data from device
1201415: Received end of data from device
1201415: Received ping response
1202404: Pinging selected device.
1202408: Started receiving data from device
1202416: Received end of data from device
1202416: Received ping response
1203404: Pinging selected device.
1203407: Started receiving data from device
1203414: Received end of data from device
1203414: Received ping response
1204404: Pinging selected device.
1204408: Started receiving data from device
1204415: Received end of data from device
1204415: Received ping response
1205048: Searching for devices.
1205051: Started receiving data from device
1205059: Received end of data from device
1205059: Received search response
1205404: Pinging selected device.
1205408: Started receiving data from device
1205415: Received end of data from device
1205415: Received ping response
1206404: Pinging selected device.
1206408: Started receiving data from device
1206416: Received end of data from device
1206416: Received ping response
1207404: Pinging selected device.
1207408: Started receiving data from device
1207414: Received end of data from device
1207414: Received ping response
1208404: Pinging selected device.
1208408: Started receiving data from device
1208416: Received end of data from device
1208416: Received ping response
1209404: Pinging selected device.
1209408: Started receiving data from device
1209416: Received end of data from device
1209416: Received ping response
1210048: Searching for devices.
1210052: Started receiving data from device
1210059: Received end of data from device
1210059: Received search response
1210405: Pinging selected device.
1210410: Started receiving data from device
1210416: Received end of data from device
1210416: Received ping response
1211405: Pinging selected device.
1211409: Started receiving data from device
1211416: Received end of data from device
1211416: Received ping response
1212405: Pinging selected device.
1212409: Started receiving data from device
1212416: Received end of data from device
1212416: Received ping response
1213405: Pinging selected device.
1213408: Started receiving data from device
1213416: Received end of data from device
1213416: Received ping response
1214405: Pinging selected device.
1214410: Started receiving data from device
1214417: Received end of data from device
1214417: Received ping response
1215048: Searching for devices.
1215052: Started receiving data from device
1215059: Received end of data from device
1215059: Received search response
1215406: Pinging selected device.
1215409: Started receiving data from device
1215417: Received end of data from device
1215417: Received ping response
1216406: Pinging selected device.
1216409: Started receiving data from device
1216416: Received end of data from device
1216416: Received ping response
1217407: Pinging selected device.
1217412: Started receiving data from device
1217419: Received end of data from device
1217419: Received ping response
1218407: Pinging selected device.
1218412: Started receiving data from device
1218418: Received end of data from device
1218418: Received ping response
1219407: Pinging selected device.
1219410: Started receiving data from device
1219418: Received end of data from device
1219418: Received ping response
1220049: Searching for devices.
1220053: Started receiving data from device
1220060: Received end of data from device
1220060: Received search response
1220407: Pinging selected device.
1220410: Started receiving data from device
1220417: Received end of data from device
1220417: Received ping response
1221407: Pinging selected device.
1221411: Started receiving data from device
1221418: Received end of data from device
1221418: Received ping response
1222407: Pinging selected device.
1222411: Started receiving data from device
1222418: Received end of data from device
1222418: Received ping response
1223407: Pinging selected device.
1223410: Started receiving data from device
1223417: Received end of data from device
1223417: Received ping response
1224407: Pinging selected device.
1224411: Started receiving data from device
1224418: Received end of data from device
1224418: Received ping response
1225049: Searching for devices.
1225052: Started receiving data from device
1225059: Received end of data from device
1225059: Received search response
1225407: Pinging selected device.
1225412: Started receiving data from device
1225419: Received end of data from device
1225419: Received ping response
1226407: Pinging selected device.
1226412: Started receiving data from device
1226419: Received end of data from device
1226419: Received ping response
1227407: Pinging selected device.
1227411: Started receiving data from device
1227419: Received end of data from device
1227419: Received ping response
1228407: Pinging selected device.
1228411: Started receiving data from device
1228417: Received end of data from device
1228417: Received ping response
1229408: Pinging selected device.
1229412: Started receiving data from device
1229419: Received end of data from device
1229419: Received ping response
1230049: Searching for devices.
1230053: Started receiving data from device
1230060: Received end of data from device
1230060: Received search response
1230408: Pinging selected device.
1230412: Started receiving data from device
1230419: Received end of data from device
1230419: Received ping response
1231408: Pinging selected device.
1231412: Started receiving data from device
1231419: Received end of data from device
1231419: Received ping response
1232408: Pinging selected device.
1232412: Started receiving data from device
1232419: Received end of data from device
1232419: Received ping response
1233408: Pinging selected device.
1233412: Started receiving data from device
1233419: Received end of data from device
1233419: Received ping response
1234408: Pinging selected device.
1234412: Started receiving data from device
1234419: Received end of data from device
1234419: Received ping response
1235049: Searching for devices.
1235052: Started receiving data from device
1235059: Received end of data from device
1235059: Received search response
1235409: Pinging selected device.
1235412: Started receiving data from device
1235420: Received end of data from device
1235420: Received ping response
1236409: Pinging selected device.
1236414: Started receiving data from device
1236420: Received end of data from device
1236420: Received ping response
1237409: Pinging selected device.
1237413: Started receiving data from device
1237421: Received end of data from device
1237421: Received ping response
1238410: Pinging selected device.
1238413: Started receiving data from device
1238421: Received end of data from device
1238421: Received ping response
1239410: Pinging selected device.
1239414: Started receiving data from device
1239421: Received end of data from device
1239421: Received ping response
1240049: Searching for devices.
1240053: Started receiving data from device
1240060: Received end of data from device
1240060: Received search response
1240410: Pinging selected device.
1240413: Started receiving data from device
1240420: Received end of data from device
1240420: Received ping response
1241410: Pinging selected device.
1241413: Started receiving data from device
1241420: Received end of data from device
1241420: Received ping response
1242411: Pinging selected device.
1242414: Started receiving data from device
1242422: Received end of data from device
1242422: Received ping response
1243411: Pinging selected device.
1243414: Started receiving data from device
1243422: Received end of data from device
1243422: Received ping response
1244411: Pinging selected device.
1244415: Started receiving data from device
1244422: Received end of data from device
1244422: Received ping response
1245075: Searching for devices.
1245084: Started receiving data from device
1245084: Received end of data from device
1245084: Received search response
1245411: Pinging selected device.
1245415: Started receiving data from device
1245422: Received end of data from device
1245422: Received ping response
1246412: Pinging selected device.
1246415: Started receiving data from device
1246422: Received end of data from device
1246422: Received ping response
1247412: Pinging selected device.
1247415: Started receiving data from device
1247423: Received end of data from device
1247423: Received ping response
1248412: Pinging selected device.
1248416: Started receiving data from device
1248423: Received end of data from device
1248423: Received ping response
1249413: Pinging selected device.
1249416: Started receiving data from device
1249424: Received end of data from device
1249424: Received ping response
1250075: Searching for devices.
1250079: Started receiving data from device
1250085: Received end of data from device
1250085: Received search response
1250413: Pinging selected device.
1250417: Started receiving data from device
1250424: Received end of data from device
1250424: Received ping response
1251413: Pinging selected device.
1251416: Started receiving data from device
1251423: Received end of data from device
1251423: Received ping response
1252413: Pinging selected device.
1252417: Started receiving data from device
1252424: Received end of data from device
1252424: Received ping response
1253413: Pinging selected device.
1253417: Started receiving data from device
1253424: Received end of data from device
1253424: Received ping response
1254413: Pinging selected device.
1254417: Started receiving data from device
1254424: Received end of data from device
1254424: Received ping response
1255075: Searching for devices.
1255079: Started receiving data from device
1255086: Received end of data from device
1255086: Received search response
1255413: Pinging selected device.
1255416: Started receiving data from device
1255423: Received end of data from device
1255423: Received ping response
1256413: Pinging selected device.
1256416: Started receiving data from device
1256424: Received end of data from device
1256424: Received ping response
1257413: Pinging selected device.
1257417: Started receiving data from device
1257424: Received end of data from device
1257424: Received ping response
1258413: Pinging selected device.
1258417: Started receiving data from device
1258424: Received end of data from device
1258424: Received ping response
1259413: Pinging selected device.
1259417: Started receiving data from device
1259424: Received end of data from device
1259424: Received ping response
1260075: Searching for devices.
1260079: Started receiving data from device
1260085: Received end of data from device
1260085: Received search response
1260413: Pinging selected device.
1260417: Started receiving data from device
1260424: Received end of data from device
1260424: Received ping response
1261413: Pinging selected device.
1261417: Started receiving data from device
1261424: Received end of data from device
1261424: Received ping response
1262413: Pinging selected device.
1262417: Started receiving data from device
1262424: Received end of data from device
1262424: Received ping response
1263413: Pinging selected device.
1263418: Started receiving data from device
1263424: Received end of data from device
1263424: Received ping response
1264413: Pinging selected device.
1264416: Started receiving data from device
1264424: Received end of data from device
1264424: Received ping response
1265075: Searching for devices.
1265079: Started receiving data from device
1265085: Received end of data from device
1265085: Received search response
1265413: Pinging selected device.
1265417: Started receiving data from device
1265424: Received end of data from device
1265424: Received ping response
1266413: Pinging selected device.
1266417: Started receiving data from device
1266424: Received end of data from device
1266424: Received ping response
1267414: Pinging selected device.
1267417: Started receiving data from device
1267424: Received end of data from device
1267424: Received ping response
1268414: Pinging selected device.
1268418: Started receiving data from device
1268425: Received end of data from device
1268425: Received ping response
1269414: Pinging selected device.
1269418: Started receiving data from device
1269425: Received end of data from device
1269425: Received ping response
1270076: Searching for devices.
1270080: Started receiving data from device
1270087: Received end of data from device
1270087: Received search response
1270414: Pinging selected device.
1270418: Started receiving data from device
1270425: Received end of data from device
1270425: Received ping response
1271415: Pinging selected device.
1271418: Started receiving data from device
1271425: Received end of data from device
1271425: Received ping response
1272415: Pinging selected device.
1272419: Started receiving data from device
1272426: Received end of data from device
1272426: Received ping response
1273416: Pinging selected device.
1273419: Started receiving data from device
1273426: Received end of data from device
1273426: Received ping response
1274416: Pinging selected device.
1274419: Started receiving data from device
1274426: Received end of data from device
1274426: Received ping response
1275077: Searching for devices.
1275080: Started receiving data from device
1275088: Received end of data from device
1275088: Received search response
1275416: Pinging selected device.
1275419: Started receiving data from device
1275426: Received end of data from device
1275426: Received ping response
1276416: Pinging selected device.
1276420: Started receiving data from device
1276427: Received end of data from device
1276427: Received ping response
1277416: Pinging selected device.
1277419: Started receiving data from device
1277426: Received end of data from device
1277426: Received ping response
1278417: Pinging selected device.
1278421: Started receiving data from device
1278427: Received end of data from device
1278427: Received ping response
1279418: Pinging selected device.
1279421: Started receiving data from device
1279429: Received end of data from device
1279429: Received ping response
1280077: Searching for devices.
1280080: Started receiving data from device
1280087: Received end of data from device
1280087: Received search response
1280418: Pinging selected device.
1280422: Started receiving data from device
1280429: Received end of data from device
1280429: Received ping response
1281418: Pinging selected device.
1281422: Started receiving data from device
1281429: Received end of data from device
1281429: Received ping response
1282418: Pinging selected device.
1282422: Started receiving data from device
1282428: Received end of data from device
1282428: Received ping response
1283418: Pinging selected device.
1283422: Started receiving data from device
1283429: Received end of data from device
1283429: Received ping response
1284418: Pinging selected device.
1284423: Started receiving data from device
1284429: Received end of data from device
1284429: Received ping response
1285077: Searching for devices.
1285081: Started receiving data from device
1285087: Received end of data from device
1285087: Received search response
1285418: Pinging selected device.
1285422: Started receiving data from device
1285429: Received end of data from device
1285429: Received ping response
1286419: Pinging selected device.
1286422: Started receiving data from device
1286429: Received end of data from device
1286429: Received ping response
1287419: Pinging selected device.
1287423: Started receiving data from device
1287430: Received end of data from device
1287430: Received ping response
1288419: Pinging selected device.
1288423: Started receiving data from device
1288430: Received end of data from device
1288430: Received ping response
1289420: Pinging selected device.
1289424: Started receiving data from device
1289430: Received end of data from device
1289430: Received ping response
1290078: Searching for devices.
1290081: Started receiving data from device
1290088: Received end of data from device
1290088: Received search response
1290421: Pinging selected device.
1290424: Started receiving data from device
1290431: Received end of data from device
1290431: Received ping response
1291422: Pinging selected device.
1291426: Started receiving data from device
1291432: Received end of data from device
1291432: Received ping response
1292422: Pinging selected device.
1292426: Started receiving data from device
1292432: Received end of data from device
1292432: Received ping response
1293422: Pinging selected device.
1293426: Started receiving data from device
1293433: Received end of data from device
1293433: Received ping response
1294423: Pinging selected device.
1294426: Started receiving data from device
1294433: Received end of data from device
1294433: Received ping response
1295078: Searching for devices.
1295081: Started receiving data from device
1295089: Received end of data from device
1295089: Received search response
1295423: Pinging selected device.
1295427: Started receiving data from device
1295433: Received end of data from device
1295433: Received ping response
1296423: Pinging selected device.
1296427: Started receiving data from device
1296433: Received end of data from device
1296433: Received ping response
1297423: Pinging selected device.
1297427: Started receiving data from device
1297435: Received end of data from device
1297435: Received ping response
1298424: Pinging selected device.
1298428: Started receiving data from device
1298435: Received end of data from device
1298435: Received ping response
1299424: Pinging selected device.
1299428: Started receiving data from device
1299435: Received end of data from device
1299435: Received ping response
1300078: Searching for devices.
1300082: Started receiving data from device
1300090: Received end of data from device
1300090: Received search response
1300425: Pinging selected device.
1300428: Started receiving data from device
1300436: Received end of data from device
1300436: Received ping response
1301426: Pinging selected device.
1301430: Started receiving data from device
1301437: Received end of data from device
1301437: Received ping response
1302426: Pinging selected device.
1302430: Started receiving data from device
1302437: Received end of data from device
1302437: Received ping response
1303426: Pinging selected device.
1303430: Started receiving data from device
1303437: Received end of data from device
1303437: Received ping response
1304426: Pinging selected device.
1304429: Started receiving data from device
1304437: Received end of data from device
1304437: Received ping response
1305078: Searching for devices.
1305082: Started receiving data from device
1305088: Received end of data from device
1305088: Received search response
1305427: Pinging selected device.
1305430: Started receiving data from device
1305438: Received end of data from device
1305438: Received ping response
1306427: Pinging selected device.
1306432: Started receiving data from device
1306438: Received end of data from device
1306438: Received ping response
1307427: Pinging selected device.
1307431: Started receiving data from device
1307438: Received end of data from device
1307438: Received ping response
1308427: Pinging selected device.
1308431: Started receiving data from device
1308438: Received end of data from device
1308438: Received ping response
1309427: Pinging selected device.
1309430: Started receiving data from device
1309438: Received end of data from device
1309438: Received ping response
1310078: Searching for devices.
1310082: Started receiving data from device
1310089: Received end of data from device
1310089: Received search response
1310427: Pinging selected device.
1310431: Started receiving data from device
1310437: Received end of data from device
1310437: Received ping response
1311427: Pinging selected device.
1311432: Started receiving data from device
1311438: Received end of data from device
1311438: Received ping response
1312427: Pinging selected device.
1312431: Started receiving data from device
1312438: Received end of data from device
1312438: Received ping response
1313427: Pinging selected device.
1313431: Started receiving data from device
1313438: Received end of data from device
1313438: Received ping response
1314427: Pinging selected device.
1314431: Started receiving data from device
1314438: Received end of data from device
1314438: Received ping response
1315078: Searching for devices.
1315081: Started receiving data from device
1315088: Received end of data from device
1315088: Received search response
1315427: Pinging selected device.
1315431: Started receiving data from device
1315438: Received end of data from device
1315438: Received ping response
1316427: Pinging selected device.
1316431: Started receiving data from device
1316438: Received end of data from device
1316438: Received ping response
1317427: Pinging selected device.
1317431: Started receiving data from device
1317438: Received end of data from device
1317438: Received ping response
1318427: Pinging selected device.
1318431: Started receiving data from device
1318438: Received end of data from device
1318438: Received ping response
1319427: Pinging selected device.
1319431: Started receiving data from device
1319438: Received end of data from device
1319438: Received ping response
1320078: Searching for devices.
1320082: Started receiving data from device
1320089: Received end of data from device
1320089: Received search response
1320427: Pinging selected device.
1320432: Started receiving data from device
1320438: Received end of data from device
1320438: Received ping response
1321428: Pinging selected device.
1321432: Started receiving data from device
1321439: Received end of data from device
1321439: Received ping response
1322428: Pinging selected device.
1322432: Started receiving data from device
1322439: Received end of data from device
1322439: Received ping response
1323428: Pinging selected device.
1323432: Started receiving data from device
1323439: Received end of data from device
1323439: Received ping response
1324428: Pinging selected device.
1324432: Started receiving data from device
1324439: Received end of data from device
1324439: Received ping response
1325078: Searching for devices.
1325082: Started receiving data from device
1325089: Received end of data from device
1325089: Received search response
1325428: Pinging selected device.
1325432: Started receiving data from device
1325440: Received end of data from device
1325440: Received ping response
1326428: Pinging selected device.
1326432: Started receiving data from device
1326438: Received end of data from device
1326438: Received ping response
1327429: Pinging selected device.
1327433: Started receiving data from device
1327439: Received end of data from device
1327439: Received ping response
1328430: Pinging selected device.
1328433: Started receiving data from device
1328440: Received end of data from device
1328440: Received ping response
1329430: Pinging selected device.
1329433: Started receiving data from device
1329441: Received end of data from device
1329441: Received ping response
1330078: Searching for devices.
1330082: Started receiving data from device
1330089: Received end of data from device
1330089: Received search response
1330430: Pinging selected device.
1330433: Started receiving data from device
1330440: Received end of data from device
1330440: Received ping response
1331430: Pinging selected device.
1331434: Started receiving data from device
1331441: Received end of data from device
1331441: Received ping response
1332430: Pinging selected device.
1332434: Started receiving data from device
1332441: Received end of data from device
1332441: Received ping response
1333430: Pinging selected device.
1333434: Started receiving data from device
1333441: Received end of data from device
1333441: Received ping response
1334430: Pinging selected device.
1334434: Started receiving data from device
1334441: Received end of data from device
1334441: Received ping response
1335078: Searching for devices.
1335082: Started receiving data from device
1335089: Received end of data from device
1335089: Received search response
1335430: Pinging selected device.
1335433: Started receiving data from device
1335440: Received end of data from device
1335440: Received ping response
1336430: Pinging selected device.
1336433: Started receiving data from device
1336440: Received end of data from device
1336440: Received ping response
1337430: Pinging selected device.
1337433: Started receiving data from device
1337440: Received end of data from device
1337440: Received ping response
1338430: Pinging selected device.
1338434: Started receiving data from device
1338441: Received end of data from device
1338441: Received ping response
1339431: Pinging selected device.
1339435: Started receiving data from device
1339442: Received end of data from device
1339442: Received ping response
1340078: Searching for devices.
1340081: Started receiving data from device
1340088: Received end of data from device
1340088: Received search response
1340431: Pinging selected device.
1340436: Started receiving data from device
1340443: Received end of data from device
1340443: Received ping response
1341431: Pinging selected device.
1341435: Started receiving data from device
1341443: Received end of data from device
1341443: Received ping response
1342431: Pinging selected device.
1342435: Started receiving data from device
1342442: Received end of data from device
1342442: Received ping response
1343432: Pinging selected device.
1343435: Started receiving data from device
1343442: Received end of data from device
1343442: Received ping response
1344433: Pinging selected device.
1344436: Started receiving data from device
1344443: Received end of data from device
1344443: Received ping response
1345078: Searching for devices.
1345082: Started receiving data from device
1345090: Received end of data from device
1345090: Received search response
1345433: Pinging selected device.
1345437: Started receiving data from device
1345444: Received end of data from device
1345444: Received ping response
1346433: Pinging selected device.
1346437: Started receiving data from device
1346444: Received end of data from device
1346444: Received ping response
1347433: Pinging selected device.
1347437: Started receiving data from device
1347444: Received end of data from device
1347444: Received ping response
1348433: Pinging selected device.
1348437: Started receiving data from device
1348443: Received end of data from device
1348443: Received ping response
1349433: Pinging selected device.
1349437: Started receiving data from device
1349444: Received end of data from device
1349444: Received ping response
1350079: Searching for devices.
1350083: Started receiving data from device
1350089: Received end of data from device
1350089: Received search response
1350433: Pinging selected device.
1350437: Started receiving data from device
1350444: Received end of data from device
1350444: Received ping response
1351433: Pinging selected device.
1351437: Started receiving data from device
1351444: Received end of data from device
1351444: Received ping response
1352434: Pinging selected device.
1352437: Started receiving data from device
1352444: Received end of data from device
1352444: Received ping response
1353434: Pinging selected device.
1353438: Started receiving data from device
1353445: Received end of data from device
1353445: Received ping response
1354435: Pinging selected device.
1354438: Started receiving data from device
1354445: Received end of data from device
1354445: Received ping response
1355080: Searching for devices.
1355083: Started receiving data from device
1355090: Received end of data from device
1355090: Received search response
1355435: Pinging selected device.
1355439: Started receiving data from device
1355446: Received end of data from device
1355446: Received ping response
1356436: Pinging selected device.
1356440: Started receiving data from device
1356447: Received end of data from device
1356447: Received ping response
1357437: Pinging selected device.
1357440: Started receiving data from device
1357447: Received end of data from device
1357447: Received ping response
1358437: Pinging selected device.
1358440: Started receiving data from device
1358448: Received end of data from device
1358448: Received ping response
1359437: Pinging selected device.
1359440: Started receiving data from device
1359447: Received end of data from device
1359447: Received ping response
1360081: Searching for devices.
1360085: Started receiving data from device
1360091: Received end of data from device
1360091: Received search response
1360437: Pinging selected device.
1360442: Started receiving data from device
1360448: Received end of data from device
1360448: Received ping response
1361437: Pinging selected device.
1361440: Started receiving data from device
1361448: Received end of data from device
1361448: Received ping response
1362437: Pinging selected device.
1362441: Started receiving data from device
1362448: Received end of data from device
1362448: Received ping response
1363437: Pinging selected device.
1363442: Started receiving data from device
1363449: Received end of data from device
1363449: Received ping response
1364437: Pinging selected device.
1364442: Started receiving data from device
1364448: Received end of data from device
1364448: Received ping response
1365081: Searching for devices.
1365085: Started receiving data from device
1365092: Received end of data from device
1365092: Received search response
1365437: Pinging selected device.
1365441: Started receiving data from device
1365448: Received end of data from device
1365448: Received ping response
1366438: Pinging selected device.
1366443: Started receiving data from device
1366449: Received end of data from device
1366449: Received ping response
1367477: Pinging selected device.
1367539: Started receiving data from device
1367539: Received end of data from device
1367539: Received ping response
1368477: Pinging selected device.
1368481: Started receiving data from device
1368488: Received end of data from device
1368488: Received ping response
1369478: Pinging selected device.
1369482: Started receiving data from device
1369489: Received end of data from device
1369489: Received ping response
1370081: Searching for devices.
1370086: Started receiving data from device
1370093: Received end of data from device
1370093: Received search response
1370478: Pinging selected device.
1370481: Started receiving data from device
1370489: Received end of data from device
1370489: Received ping response
1371479: Pinging selected device.
1371482: Started receiving data from device
1371490: Received end of data from device
1371490: Received ping response
1372479: Pinging selected device.
1372484: Started receiving data from device
1372490: Received end of data from device
1372490: Received ping response
1373479: Pinging selected device.
1373483: Started receiving data from device
1373490: Received end of data from device
1373490: Received ping response
1374479: Pinging selected device.
1374483: Started receiving data from device
1374491: Received end of data from device
1374491: Received ping response
1375081: Searching for devices.
1375085: Started receiving data from device
1375092: Received end of data from device
1375092: Received search response
1375479: Pinging selected device.
1375483: Started receiving data from device
1375491: Received end of data from device
1375491: Received ping response
1376481: Pinging selected device.
1376485: Started receiving data from device
1376491: Received end of data from device
1376491: Received ping response
1377482: Pinging selected device.
1377486: Started receiving data from device
1377492: Received end of data from device
1377492: Received ping response
1378482: Pinging selected device.
1378486: Started receiving data from device
1378494: Received end of data from device
1378494: Received ping response
1379482: Pinging selected device.
1379486: Started receiving data from device
1379493: Received end of data from device
1379493: Received ping response
1380082: Searching for devices.
1380085: Started receiving data from device
1380092: Received end of data from device
1380092: Received search response
1380483: Pinging selected device.
1380487: Started receiving data from device
1380493: Received end of data from device
1380493: Received ping response
1381483: Pinging selected device.
1381487: Started receiving data from device
1381494: Received end of data from device
1381494: Received ping response
1382484: Pinging selected device.
1382488: Started receiving data from device
1382495: Received end of data from device
1382495: Received ping response
1383485: Pinging selected device.
1383489: Started receiving data from device
1383495: Received end of data from device
1383495: Received ping response
1384485: Pinging selected device.
1384489: Started receiving data from device
1384496: Received end of data from device
1384496: Received ping response
1385082: Searching for devices.
1385085: Started receiving data from device
1385093: Received end of data from device
1385093: Received search response
1385485: Pinging selected device.
1385489: Started receiving data from device
1385497: Received end of data from device
1385497: Received ping response
1386485: Pinging selected device.
1386489: Started receiving data from device
1386496: Received end of data from device
1386496: Received ping response
1387485: Pinging selected device.
1387489: Started receiving data from device
1387496: Received end of data from device
1387496: Received ping response
1388485: Pinging selected device.
1388489: Started receiving data from device
1388496: Received end of data from device
1388496: Received ping response
1389486: Pinging selected device.
1389489: Started receiving data from device
1389496: Received end of data from device
1389496: Received ping response
1390082: Searching for devices.
1390086: Started receiving data from device
1390092: Received end of data from device
1390092: Received search response
1390486: Pinging selected device.
1390490: Started receiving data from device
1390497: Received end of data from device
1390497: Received ping response
1391486: Pinging selected device.
1391491: Started receiving data from device
1391498: Received end of data from device
1391498: Received ping response
1392486: Pinging selected device.
1392490: Started receiving data from device
1392497: Received end of data from device
1392497: Received ping response
1393486: Pinging selected device.
1393490: Started receiving data from device
1393497: Received end of data from device
1393497: Received ping response
1394486: Pinging selected device.
1394489: Started receiving data from device
1394497: Received end of data from device
1394497: Received ping response
1395083: Searching for devices.
1395086: Started receiving data from device
1395094: Received end of data from device
1395094: Received search response
1395487: Pinging selected device.
1395492: Started receiving data from device
1395498: Received end of data from device
1395498: Received ping response
1396487: Pinging selected device.
1396492: Started receiving data from device
1396498: Received end of data from device
1396498: Received ping response
1397487: Pinging selected device.
1397492: Started receiving data from device
1397499: Received end of data from device
1397499: Received ping response
1398487: Pinging selected device.
1398491: Started receiving data from device
1398498: Received end of data from device
1398498: Received ping response
1399487: Pinging selected device.
1399490: Started receiving data from device
1399497: Received end of data from device
1399497: Received ping response
1400083: Searching for devices.
1400087: Started receiving data from device
1400094: Received end of data from device
1400094: Received search response
1400487: Pinging selected device.
1400491: Started receiving data from device
1400498: Received end of data from device
1400498: Received ping response
1401487: Pinging selected device.
1401490: Started receiving data from device
1401497: Received end of data from device
1401497: Received ping response
1402487: Pinging selected device.
1402491: Started receiving data from device
1402498: Received end of data from device
1402498: Received ping response
1402880: Started receiving data from device
1403171: Received end of data from device
1403171: Received state part 0
1403487: Pinging selected device.
1403491: Started receiving data from device
1403498: Received end of data from device
1404488: Pinging selected device.
1404492: Started receiving data from device
1404499: Received end of data from device
1404499: Received ping response
1405083: Searching for devices.
1405087: Started receiving data from device
1405094: Received end of data from device
1405094: Received search response
1405488: Pinging selected device.
1405493: Started receiving data from device
1405500: Received end of data from device
1405500: Received ping response
1406198: Started receiving data from device
1406205: Received end of data from device
1406205: Received search response
1406488: Pinging selected device.
1406491: Started receiving data from device
1406499: Received end of data from device
1406499: Received ping response
1407488: Pinging selected device.
1407492: Started receiving data from device
1407499: Received end of data from device
1407499: Received ping response
1408489: Pinging selected device.
1408492: Started receiving data from device
1408500: Received end of data from device
1408500: Received ping response
1408512: Started receiving data from device
1408519: Received end of data from device
1408519: Received ping response
1409489: Pinging selected device.
1409493: Started receiving data from device
1409500: Received end of data from device
1409500: Received ping response
1409871: Started receiving data from device
1410083: Searching for devices.
1410169: Received end of data from device
1410489: Pinging selected device.
1410493: Started receiving data from device
1410500: Received end of data from device
1410500: Received ping response
1411199: Started receiving data from device
1411489: Pinging selected device.
1411490: Received end of data from device
1411490: Received state part 0
1411493: Started receiving data from device
1411500: Received end of data from device
1411500: Received ping response
1412489: Pinging selected device.
1412493: Started receiving data from device
1412500: Received end of data from device
1412500: Received ping response
1413489: Pinging selected device.
1413493: Started receiving data from device
1413500: Received end of data from device
1413500: Received ping response
1414489: Pinging selected device.
1414493: Started receiving data from device
1414500: Received end of data from device
1414500: Received ping response
1415083: Searching for devices.
1415087: Started receiving data from device
1415094: Received end of data from device
1415094: Received search response
1415390: Started receiving data from device
1415482: Received end of data from device
1415482: Received commands
1415482: Started receiving data from device
1415510: Pinging selected device.
1415575: Received end of data from device
1415575: Received commands
1415575: Started receiving data from device
1415668: Received end of data from device
1415668: Received commands
1415763: Started receiving data from device
1415856: Received end of data from device
1415856: Received commands
1415856: Started receiving data from device
1415863: Received end of data from device
1415863: Received ping response
1415863: Started receiving data from device
1415956: Received end of data from device
1415956: Received commands
1415957: Started receiving data from device
1416050: Received end of data from device
1416050: Received commands
1416050: Started receiving data from device
1416142: Received end of data from device
1416142: Received commands
1416144: Started receiving data from device
1416236: Received end of data from device
1416236: Received commands
1416236: Started receiving data from device
1416325: Received end of data from device
1416325: Received commands
1416325: Started receiving data from device
1416332: Received end of data from device
1416332: Received search response
1416510: Pinging selected device.
1416513: Started receiving data from device
1416520: Received end of data from device
1416520: Received ping response
1417510: Pinging selected device.
1417513: Started receiving data from device
1417520: Received end of data from device
1417520: Received ping response
1418495: Started receiving data from device
1418510: Pinging selected device.
1418785: Received end of data from device
1418785: Received state part 0
1418785: Started receiving data from device
1418792: Received end of data from device
1418792: Received ping response
1419510: Pinging selected device.
1419514: Started receiving data from device
1419521: Received end of data from device
1419521: Received ping response
1420083: Searching for devices.
1420087: Started receiving data from device
1420094: Received end of data from device
1420094: Received search response
1420511: Pinging selected device.
1420515: Started receiving data from device
1420522: Received end of data from device
1420522: Received ping response
1421511: Pinging selected device.
1421515: Started receiving data from device
1421522: Received end of data from device
1421522: Received ping response
1421837: Started receiving data from device
1422127: Received end of data from device
1422127: Received state part 0
1422511: Pinging selected device.
1422515: Started receiving data from device
1422522: Received end of data from device
1422522: Received ping response
1423511: Pinging selected device.
1423515: Started receiving data from device
1423522: Received end of data from device
1423522: Received ping response
1424511: Pinging selected device.
1424515: Started receiving data from device
1424522: Received end of data from device
1424522: Received ping response
1425083: Searching for devices.
1425086: Started receiving data from device
1425093: Received end of data from device
1425171: Started receiving data from device
1425459: Received end of data from device
1425511: Pinging selected device.
1425515: Started receiving data from device
1425523: Received end of data from device
1425523: Received ping response
1426511: Pinging selected device.
1426515: Started receiving data from device
1426522: Received end of data from device
1426522: Received ping response
1427512: Pinging selected device.
1427517: Started receiving data from device
1427523: Received end of data from device
1428512: Pinging selected device.
1428516: Started receiving data from device
1428523: Received end of data from device
1428523: Received ping response
1429331: Started receiving data from device
1429512: Pinging selected device.
1429622: Received end of data from device
1429622: Received state part 0
1429622: Started receiving data from device
1429629: Received end of data from device
1429629: Received ping response
1430083: Searching for devices.
1430087: Started receiving data from device
1430094: Received end of data from device
1430094: Received search response
1430512: Pinging selected device.
1430516: Started receiving data from device
1430523: Received end of data from device
1430523: Received ping response
1431512: Pinging selected device.
1431518: Started receiving data from device
1431523: Received end of data from device
1431523: Received ping response
1432512: Pinging selected device.
1432515: Started receiving data from device
1432522: Received end of data from device
1432522: Received ping response
1433512: Pinging selected device.
1433515: Started receiving data from device
1433523: Received end of data from device
1433523: Received ping response
1434512: Pinging selected device.
1434515: Started receiving data from device
1434523: Received end of data from device
1434523: Received ping response
1435083: Searching for devices.
1435086: Started receiving data from device
1435094: Received end of data from device
1435094: Received search response
1435512: Pinging selected device.
1435516: Started receiving data from device
1435523: Received end of data from device
1435523: Received ping response
1436512: Pinging selected device.
1436516: Started receiving data from device
1436523: Received end of data from device
1436523: Received ping response
1437512: Pinging selected device.
1437515: Started receiving data from device
1437522: Received end of data from device
1437522: Received ping response
1438513: Pinging selected device.
1438516: Started receiving data from device
1438523: Received end of data from device
1438523: Received ping response
1439513: Pinging selected device.
1439516: Started receiving data from device
1439523: Received end of data from device
1439523: Received ping response
1440084: Searching for devices.
1440088: Started receiving data from device
1440095: Received end of data from device
1440095: Received search response
1440513: Pinging selected device.
1440517: Started receiving data from device
1440524: Received end of data from device
1440524: Received ping response
1441514: Pinging selected device.
1441517: Started receiving data from device
1441524: Received end of data from device
1441524: Received ping response
1442514: Pinging selected device.
1442518: Started receiving data from device
1442525: Received end of data from device
1442525: Received ping response
1443515: Pinging selected device.
1443519: Started receiving data from device
1443525: Received end of data from device
1443525: Received ping response
1444515: Pinging selected device.
1444519: Started receiving data from device
1444526: Received end of data from device
1444526: Received ping response
1445084: Searching for devices.
1445088: Started receiving data from device
1445095: Received end of data from device
1445095: Received search response
1445515: Pinging selected device.
1445518: Started receiving data from device
1445525: Received end of data from device
1445525: Received ping response
1446516: Pinging selected device.
1446519: Started receiving data from device
1446526: Received end of data from device
1446526: Received ping response
1447516: Pinging selected device.
1447519: Started receiving data from device
1447526: Received end of data from device
1447526: Received ping response
1448516: Pinging selected device.
1448520: Started receiving data from device
1448527: Received end of data from device
1448527: Received ping response
1449516: Pinging selected device.
1449520: Started receiving data from device
1449527: Received end of data from device
1449527: Received ping response
1450084: Searching for devices.
1450088: Started receiving data from device
1450095: Received end of data from device
1450095: Received search response
1450517: Pinging selected device.
1450520: Started receiving data from device
1450528: Received end of data from device
1450528: Received ping response
1451518: Pinging selected device.
1451522: Started receiving data from device
1451529: Received end of data from device
1451529: Received ping response
1452518: Pinging selected device.
1452521: Started receiving data from device
1452530: Received end of data from device
1452530: Received ping response
1453519: Pinging selected device.
1453522: Started receiving data from device
1453529: Received end of data from device
1453529: Received ping response
1454519: Pinging selected device.
1454523: Started receiving data from device
1454530: Received end of data from device
1454530: Received ping response
1455084: Searching for devices.
1455088: Started receiving data from device
1455094: Received end of data from device
1455094: Received search response
1455519: Pinging selected device.
1455523: Started receiving data from device
1455529: Received end of data from device
1455529: Received ping response
1456519: Pinging selected device.
1456522: Started receiving data from device
1456530: Received end of data from device
1456530: Received ping response
1457519: Pinging selected device.
1457522: Started receiving data from device
1457529: Received end of data from device
1457529: Received ping response
1458519: Pinging selected device.
1458523: Started receiving data from device
1458530: Received end of data from device
1458530: Received ping response
1459519: Pinging selected device.
1459523: Started receiving data from device
1459530: Received end of data from device
1459530: Received ping response
1460084: Searching for devices.
1460088: Started receiving data from device
1460095: Received end of data from device
1460095: Received search response
1460519: Pinging selected device.
1460524: Started receiving data from device
1460531: Received end of data from device
1460531: Received ping response
1461519: Pinging selected device.
1461523: Started receiving data from device
1461530: Received end of data from device
1461530: Received ping response
1462520: Pinging selected device.
1462523: Started receiving data from device
1462530: Received end of data from device
1462530: Received ping response
1463520: Pinging selected device.
1463523: Started receiving data from device
1463530: Received end of data from device
1463530: Received ping response
1464520: Pinging selected device.
1464524: Started receiving data from device
1464530: Received end of data from device
1464530: Received ping response
1465084: Searching for devices.
1465088: Started receiving data from device
1465094: Received end of data from device
1465094: Received search response
1465520: Pinging selected device.
1465524: Started receiving data from device
1465530: Received end of data from device
1465530: Received ping response
1466520: Pinging selected device.
1466526: Started receiving data from device
1466534: Received end of data from device
1466534: Received ping response
1467520: Pinging selected device.
1467524: Started receiving data from device
1467531: Received end of data from device
1467531: Received ping response
1468520: Pinging selected device.
1468524: Started receiving data from device
1468530: Received end of data from device
1468530: Received ping response
1469520: Pinging selected device.
1469524: Started receiving data from device
1469531: Received end of data from device
1469531: Received ping response
1470084: Searching for devices.
1470088: Started receiving data from device
1470094: Received end of data from device
1470094: Received search response
1470520: Pinging selected device.
1470525: Started receiving data from device
1470531: Received end of data from device
1470531: Received ping response
1471520: Pinging selected device.
1471524: Started receiving data from device
1471531: Received end of data from device
1471531: Received ping response
1472520: Pinging selected device.
1472525: Started receiving data from device
1472532: Received end of data from device
1472532: Received ping response
1473520: Pinging selected device.
1473524: Started receiving data from device
1473531: Received end of data from device
1473531: Received ping response
1474520: Pinging selected device.
1474524: Started receiving data from device
1474531: Received end of data from device
1474531: Received ping response
1475085: Searching for devices.
1475088: Started receiving data from device
1475095: Received end of data from device
1475095: Received search response
1475520: Pinging selected device.
1475524: Started receiving data from device
1475531: Received end of data from device
1475531: Received ping response
1476520: Pinging selected device.
1476525: Started receiving data from device
1476532: Received end of data from device
1476532: Received ping response
1477520: Pinging selected device.
1477523: Started receiving data from device
1477531: Received end of data from device
1477531: Received ping response
1478520: Pinging selected device.
1478524: Started receiving data from device
1478531: Received end of data from device
1478531: Received ping response
1479520: Pinging selected device.
1479523: Started receiving data from device
1479530: Received end of data from device
1479530: Received ping response
1480085: Searching for devices.
1480088: Started receiving data from device
1480095: Received end of data from device
1480095: Received search response
1480520: Pinging selected device.
1480524: Started receiving data from device
1480531: Received end of data from device
1480531: Received ping response
1481520: Pinging selected device.
1481525: Started receiving data from device
1481530: Received end of data from device
1481530: Received ping response
1482520: Pinging selected device.
1482525: Started receiving data from device
1482531: Received end of data from device
1482531: Received ping response
1483520: Pinging selected device.
1483523: Started receiving data from device
1483530: Received end of data from device
1483530: Received ping response
1484520: Pinging selected device.
1484524: Started receiving data from device
1484531: Received end of data from device
1484531: Received ping response
1485085: Searching for devices.
1485089: Started receiving data from device
1485095: Received end of data from device
1485095: Received search response
1485520: Pinging selected device.
1485524: Started receiving data from device
1485531: Received end of data from device
1485531: Received ping response
1486520: Pinging selected device.
1486523: Started receiving data from device
1486530: Received end of data from device
1486530: Received ping response
1487520: Pinging selected device.
1487523: Started receiving data from device
1487530: Received end of data from device
1487530: Received ping response
1488520: Pinging selected device.
1488523: Started receiving data from device
1488531: Received end of data from device
1488531: Received ping response
1489521: Pinging selected device.
1489524: Started receiving data from device
1489531: Received end of data from device
1489531: Received ping response
1490085: Searching for devices.
1490089: Started receiving data from device
1490096: Received end of data from device
1490096: Received search response
1490521: Pinging selected device.
1490526: Started receiving data from device
1490533: Received end of data from device
1490533: Received ping response
1491521: Pinging selected device.
1491526: Started receiving data from device
1491532: Received end of data from device
1491532: Received ping response
1492522: Pinging selected device.
1492526: Started receiving data from device
1492532: Received end of data from device
1492532: Received ping response
1493522: Pinging selected device.
1493526: Started receiving data from device
1493534: Received end of data from device
1493534: Received ping response
1494522: Pinging selected device.
1494527: Started receiving data from device
1494534: Received end of data from device
1494534: Received ping response
1495086: Searching for devices.
1495089: Started receiving data from device
1495096: Received end of data from device
1495096: Received search response
1495522: Pinging selected device.
1495526: Started receiving data from device
1495534: Received end of data from device
1495534: Received ping response
1496522: Pinging selected device.
1496528: Started receiving data from device
1496534: Received end of data from device
1496534: Received ping response
1497522: Pinging selected device.
1497525: Started receiving data from device
1497532: Received end of data from device
1497532: Received ping response
1498522: Pinging selected device.
1498526: Started receiving data from device
1498533: Received end of data from device
1498533: Received ping response
1499523: Pinging selected device.
1499526: Started receiving data from device
1499534: Received end of data from device
1499534: Received ping response
1500086: Searching for devices.
1500090: Started receiving data from device
1500097: Received end of data from device
1500097: Received search response
1500524: Pinging selected device.
1500528: Started receiving data from device
1500534: Received end of data from device
1500534: Received ping response
1501524: Pinging selected device.
1501528: Started receiving data from device
1501535: Received end of data from device
1501535: Received ping response
1502524: Pinging selected device.
1502528: Started receiving data from device
1502535: Received end of data from device
1502535: Received ping response
1503524: Pinging selected device.
1503529: Started receiving data from device
1503535: Received end of data from device
1503535: Received ping response
1504525: Pinging selected device.
1504528: Started receiving data from device
1504535: Received end of data from device
1504535: Received ping response
1505086: Searching for devices.
1505090: Started receiving data from device
1505097: Received end of data from device
1505097: Received search response
1505525: Pinging selected device.
1505529: Started receiving data from device
1505537: Received end of data from device
1505537: Received ping response
1506525: Pinging selected device.
1506528: Started receiving data from device
1506535: Received end of data from device
1506535: Received ping response
1507525: Pinging selected device.
1507528: Started receiving data from device
1507536: Received end of data from device
1507536: Received ping response
1508525: Pinging selected device.
1508529: Started receiving data from device
1508535: Received end of data from device
1508535: Received ping response
1509525: Pinging selected device.
1509529: Started receiving data from device
1509536: Received end of data from device
1509536: Received ping response
1510086: Searching for devices.
1510089: Started receiving data from device
1510096: Received end of data from device
1510096: Received search response
1510525: Pinging selected device.
1510529: Started receiving data from device
1510536: Received end of data from device
1510536: Received ping response
1511525: Pinging selected device.
1511529: Started receiving data from device
1511536: Received end of data from device
1511536: Received ping response
1512525: Pinging selected device.
1512530: Started receiving data from device
1512536: Received end of data from device
1512536: Received ping response
1513525: Pinging selected device.
1513528: Started receiving data from device
1513536: Received end of data from device
1513536: Received ping response
1514525: Pinging selected device.
1514528: Started receiving data from device
1514535: Received end of data from device
1514535: Received ping response
1515086: Searching for devices.
1515090: Started receiving data from device
1515097: Received end of data from device
1515097: Received search response
1515525: Pinging selected device.
1515530: Started receiving data from device
1515536: Received end of data from device
1515536: Received ping response
1516525: Pinging selected device.
1516529: Started receiving data from device
1516537: Received end of data from device
1516537: Received ping response
1517525: Pinging selected device.
1517529: Started receiving data from device
1517537: Received end of data from device
1517537: Received ping response
1518525: Pinging selected device.
1518529: Started receiving data from device
1518537: Received end of data from device
1518537: Received ping response
1519525: Pinging selected device.
1519529: Started receiving data from device
1519536: Received end of data from device
1519536: Received ping response
1520086: Searching for devices.
1520090: Started receiving data from device
1520097: Received end of data from device
1520097: Received search response
1520525: Pinging selected device.
1520529: Started receiving data from device
1520537: Received end of data from device
1520537: Received ping response
1521526: Pinging selected device.
1521530: Started receiving data from device
1521537: Received end of data from device
1521537: Received ping response
1522526: Pinging selected device.
1522530: Started receiving data from device
1522536: Received end of data from device
1522536: Received ping response
1523526: Pinging selected device.
1523530: Started receiving data from device
1523536: Received end of data from device
1523536: Received ping response
1524526: Pinging selected device.
1524530: Started receiving data from device
1524538: Received end of data from device
1524538: Received ping response
1525087: Searching for devices.
1525091: Started receiving data from device
1525098: Received end of data from device
1525098: Received search response
1525526: Pinging selected device.
1525530: Started receiving data from device
1525537: Received end of data from device
1525537: Received ping response
1526526: Pinging selected device.
1526529: Started receiving data from device
1526536: Received end of data from device
1526536: Received ping response
1527527: Pinging selected device.
1527530: Started receiving data from device
1527537: Received end of data from device
1527537: Received ping response
1528528: Pinging selected device.
1528533: Started receiving data from device
1528539: Received end of data from device
1528539: Received ping response
1529528: Pinging selected device.
1529532: Started receiving data from device
1529539: Received end of data from device
1529539: Received ping response
1530088: Searching for devices.
1530092: Started receiving data from device
1530098: Received end of data from device
1530098: Received search response
1530529: Pinging selected device.
1530532: Started receiving data from device
1530539: Received end of data from device
1530539: Received ping response
1531530: Pinging selected device.
1531533: Started receiving data from device
1531541: Received end of data from device
1531541: Received ping response
1532530: Pinging selected device.
1532534: Started receiving data from device
1532541: Received end of data from device
1532541: Received ping response
1533531: Pinging selected device.
1533534: Started receiving data from device
1533541: Received end of data from device
1533541: Received ping response
1534531: Pinging selected device.
1534536: Started receiving data from device
1534542: Received end of data from device
1534542: Received ping response
1535089: Searching for devices.
1535092: Started receiving data from device
1535099: Received end of data from device
1535099: Received search response
1535532: Pinging selected device.
1535535: Started receiving data from device
1535543: Received end of data from device
1535543: Received ping response
1536533: Pinging selected device.
1536538: Started receiving data from device
1536544: Received end of data from device
1536544: Received ping response
1537533: Pinging selected device.
1537537: Started receiving data from device
1537544: Received end of data from device
1537544: Received ping response
1538533: Pinging selected device.
1538536: Started receiving data from device
1538544: Received end of data from device
1538544: Received ping response
1539533: Pinging selected device.
1539536: Started receiving data from device
1539543: Received end of data from device
1539543: Received ping response
1540090: Searching for devices.
1540093: Started receiving data from device
1540100: Received end of data from device
1540100: Received search response
1540533: Pinging selected device.
1540537: Started receiving data from device
1540544: Received end of data from device
1540544: Received ping response
1541533: Pinging selected device.
1541537: Started receiving data from device
1541544: Received end of data from device
1541544: Received ping response
1542533: Pinging selected device.
1542538: Started receiving data from device
1542544: Received end of data from device
1542544: Received ping response
1543533: Pinging selected device.
1543537: Started receiving data from device
1543545: Received end of data from device
1543545: Received ping response
1544533: Pinging selected device.
1544537: Started receiving data from device
1544545: Received end of data from device
1544545: Received ping response
1545091: Searching for devices.
1545095: Started receiving data from device
1545102: Received end of data from device
1545102: Received search response
1545534: Pinging selected device.
1545537: Started receiving data from device
1545545: Received end of data from device
1545545: Received ping response
1546534: Pinging selected device.
1546538: Started receiving data from device
1546544: Received end of data from device
1546544: Received ping response
1547534: Pinging selected device.
1547538: Started receiving data from device
1547546: Received end of data from device
1547546: Received ping response
1548534: Pinging selected device.
1548538: Started receiving data from device
1548545: Received end of data from device
1548545: Received ping response
1549534: Pinging selected device.
1549538: Started receiving data from device
1549545: Received end of data from device
1549545: Received ping response
1550091: Searching for devices.
1550094: Started receiving data from device
1550101: Received end of data from device
1550101: Received search response
1550534: Pinging selected device.
1550538: Started receiving data from device
1550545: Received end of data from device
1550545: Received ping response
1551534: Pinging selected device.
1551537: Started receiving data from device
1551545: Received end of data from device
1551545: Received ping response
1552534: Pinging selected device.
1552537: Started receiving data from device
1552544: Received end of data from device
1552544: Received ping response
1553534: Pinging selected device.
1553538: Started receiving data from device
1553546: Received end of data from device
1553546: Received ping response
1554534: Pinging selected device.
1554538: Started receiving data from device
1554545: Received end of data from device
1554545: Received ping response
1555091: Searching for devices.
1555094: Started receiving data from device
1555102: Received end of data from device
1555102: Received search response
1555534: Pinging selected device.
1555539: Started receiving data from device
1555545: Received end of data from device
1555545: Received ping response
1556534: Pinging selected device.
1556538: Started receiving data from device
1556545: Received end of data from device
1556545: Received ping response
1557534: Pinging selected device.
1557538: Started receiving data from device
1557545: Received end of data from device
1557545: Received ping response
1558535: Pinging selected device.
1558538: Started receiving data from device
1558546: Received end of data from device
1558546: Received ping response
1559535: Pinging selected device.
1559539: Started receiving data from device
1559547: Received end of data from device
1559547: Received ping response
1560091: Searching for devices.
1560094: Started receiving data from device
1560102: Received end of data from device
1560102: Received search response
1560535: Pinging selected device.
1560539: Started receiving data from device
1560546: Received end of data from device
1560546: Received ping response
1561535: Pinging selected device.
1561539: Started receiving data from device
1561546: Received end of data from device
1561546: Received ping response
1562535: Pinging selected device.
1562539: Started receiving data from device
1562546: Received end of data from device
1562546: Received ping response
1563535: Pinging selected device.
1563539: Started receiving data from device
1563546: Received end of data from device
1563546: Received ping response
1564535: Pinging selected device.
1564539: Started receiving data from device
1564545: Received end of data from device
1564545: Received ping response
1565091: Searching for devices.
1565094: Started receiving data from device
1565101: Received end of data from device
1565101: Received search response
1565535: Pinging selected device.
1565539: Started receiving data from device
1565546: Received end of data from device
1565546: Received ping response
1566536: Pinging selected device.
1566540: Started receiving data from device
1566546: Received end of data from device
1566546: Received ping response
1567536: Pinging selected device.
1567540: Started receiving data from device
1567547: Received end of data from device
1567547: Received ping response
1568537: Pinging selected device.
1568541: Started receiving data from device
1568548: Received end of data from device
1568548: Received ping response
1569537: Pinging selected device.
1569541: Started receiving data from device
1569548: Received end of data from device
1569548: Received ping response
1570091: Searching for devices.
1570094: Started receiving data from device
1570101: Received end of data from device
1570101: Received search response
1570537: Pinging selected device.
1570541: Started receiving data from device
1570548: Received end of data from device
1570548: Received ping response
1571537: Pinging selected device.
1571541: Started receiving data from device
1571548: Received end of data from device
1571548: Received ping response
1572537: Pinging selected device.
1572541: Started receiving data from device
1572549: Received end of data from device
1572549: Received ping response
1573537: Pinging selected device.
1573541: Started receiving data from device
1573548: Received end of data from device
1573548: Received ping response
1574538: Pinging selected device.
1574541: Started receiving data from device
1574549: Received end of data from device
1574549: Received ping response
1575091: Searching for devices.
1575095: Started receiving data from device
1575102: Received end of data from device
1575102: Received search response
1575539: Pinging selected device.
1575542: Started receiving data from device
1575550: Received end of data from device
1575550: Received ping response
1576608: Pinging selected device.
1576616: Started receiving data from device
1576620: Received end of data from device
1576620: Received ping response
1577608: Pinging selected device.
1577612: Started receiving data from device
1577619: Received end of data from device
1577619: Received ping response
1578608: Pinging selected device.
1578612: Started receiving data from device
1578619: Received end of data from device
1578619: Received ping response
1579608: Pinging selected device.
1579611: Started receiving data from device
1579618: Received end of data from device
1579618: Received ping response
1580091: Searching for devices.
1580094: Started receiving data from device
1580102: Received end of data from device
1580102: Received search response
1580608: Pinging selected device.
1580611: Started receiving data from device
1580619: Received end of data from device
1580619: Received ping response
1581608: Pinging selected device.
1581611: Started receiving data from device
1581619: Received end of data from device
1581619: Received ping response
1582608: Pinging selected device.
1582611: Started receiving data from device
1582619: Received end of data from device
1582619: Received ping response
1583608: Pinging selected device.
1583613: Started receiving data from device
1583619: Received end of data from device
1583619: Received ping response
1584608: Pinging selected device.
1584611: Started receiving data from device
1584618: Received end of data from device
1584618: Received ping response
1585091: Searching for devices.
1585095: Started receiving data from device
1585102: Received end of data from device
1585102: Received search response
1585608: Pinging selected device.
1585612: Started receiving data from device
1585619: Received end of data from device
1585619: Received ping response
1586608: Pinging selected device.
1586612: Started receiving data from device
1586619: Received end of data from device
1586619: Received ping response
1587608: Pinging selected device.
1587612: Started receiving data from device
1587619: Received end of data from device
1587619: Received ping response
1588608: Pinging selected device.
1588612: Started receiving data from device
1588619: Received end of data from device
1588619: Received ping response
1589609: Pinging selected device.
1589614: Started receiving data from device
1589620: Received end of data from device
1589620: Received ping response
1590091: Searching for devices.
1590094: Started receiving data from device
1590102: Received end of data from device
1590102: Received search response
1590609: Pinging selected device.
1590613: Started receiving data from device
1590620: Received end of data from device
1590620: Received ping response
1591609: Pinging selected device.
1591614: Started receiving data from device
1591620: Received end of data from device
1591620: Received ping response
1592609: Pinging selected device.
1592613: Started receiving data from device
1592620: Received end of data from device
1592620: Received ping response
1593609: Pinging selected device.
1593614: Started receiving data from device
1593620: Received end of data from device
1593620: Received ping response
1594609: Pinging selected device.
1594613: Started receiving data from device
1594620: Received end of data from device
1594620: Received ping response
1595091: Searching for devices.
1595095: Started receiving data from device
1595102: Received end of data from device
1595102: Received search response
1595609: Pinging selected device.
1595613: Started receiving data from device
1595620: Received end of data from device
1595620: Received ping response
1596609: Pinging selected device.
1596613: Started receiving data from device
1596620: Received end of data from device
1596620: Received ping response
1597609: Pinging selected device.
1597613: Started receiving data from device
1597620: Received end of data from device
1597620: Received ping response
1598609: Pinging selected device.
1598614: Started receiving data from device
1598620: Received end of data from device
1598620: Received ping response
1599610: Pinging selected device.
1599613: Started receiving data from device
1599621: Received end of data from device
1599621: Received ping response
1600091: Searching for devices.
1600095: Started receiving data from device
1600102: Received end of data from device
1600102: Received search response
1600610: Pinging selected device.
1600614: Started receiving data from device
1600621: Received end of data from device
1600621: Received ping response
1601610: Pinging selected device.
1601613: Started receiving data from device
1601620: Received end of data from device
1601620: Received ping response
1602611: Pinging selected device.
1602614: Started receiving data from device
1602622: Received end of data from device
1602622: Received ping response
1603611: Pinging selected device.
1603615: Started receiving data from device
1603622: Received end of data from device
1603622: Received ping response
1604612: Pinging selected device.
1604616: Started receiving data from device
1604623: Received end of data from device
1604623: Received ping response
1605091: Searching for devices.
1605094: Started receiving data from device
1605102: Received end of data from device
1605102: Received search response
1605612: Pinging selected device.
1605615: Started receiving data from device
1605622: Received end of data from device
1605622: Received ping response
1606612: Pinging selected device.
1606616: Started receiving data from device
1606623: Received end of data from device
1606623: Received ping response
1607613: Pinging selected device.
1607617: Started receiving data from device
1607623: Received end of data from device
1607623: Received ping response
1608614: Pinging selected device.
1608617: Started receiving data from device
1608624: Received end of data from device
1608624: Received ping response
1609614: Pinging selected device.
1609618: Started receiving data from device
1609625: Received end of data from device
1609625: Received ping response
1610091: Searching for devices.
1610095: Started receiving data from device
1610102: Received end of data from device
1610102: Received search response
1610614: Pinging selected device.
1610618: Started receiving data from device
1610625: Received end of data from device
1610625: Received ping response
1611614: Pinging selected device.
1611619: Started receiving data from device
1611625: Received end of data from device
1611625: Received ping response
1612614: Pinging selected device.
1612618: Started receiving data from device
1612625: Received end of data from device
1612625: Received ping response
1613614: Pinging selected device.
1613618: Started receiving data from device
1613626: Received end of data from device
1613626: Received ping response
1614614: Pinging selected device.
1614618: Started receiving data from device
1614625: Received end of data from device
1614625: Received ping response
1615091: Searching for devices.
1615095: Started receiving data from device
1615102: Received end of data from device
1615102: Received search response
1615614: Pinging selected device.
1615618: Started receiving data from device
1615625: Received end of data from device
1615625: Received ping response
1616614: Pinging selected device.
1616618: Started receiving data from device
1616625: Received end of data from device
1616625: Received ping response
1617614: Pinging selected device.
1617618: Started receiving data from device
1617625: Received end of data from device
1617625: Received ping response
1618614: Pinging selected device.
1618618: Started receiving data from device
1618626: Received end of data from device
1618626: Received ping response
1619617: Pinging selected device.
1619629: Started receiving data from device
1619629: Received end of data from device
1619629: Received ping response
1620091: Searching for devices.
1620095: Started receiving data from device
1620102: Received end of data from device
1620102: Received search response
1620617: Pinging selected device.
1620621: Started receiving data from device
1620628: Received end of data from device
1620628: Received ping response
1621617: Pinging selected device.
1621621: Started receiving data from device
1621628: Received end of data from device
1621628: Received ping response
1622618: Pinging selected device.
1622622: Started receiving data from device
1622629: Received end of data from device
1622629: Received ping response
1623618: Pinging selected device.
1623622: Started receiving data from device
1623629: Received end of data from device
1623629: Received ping response
1624618: Pinging selected device.
1624621: Started receiving data from device
1624628: Received end of data from device
1624628: Received ping response
1625091: Searching for devices.
1625095: Started receiving data from device
1625102: Received end of data from device
1625102: Received search response
1625618: Pinging selected device.
1625622: Started receiving data from device
1625629: Received end of data from device
1625629: Received ping response
1626618: Pinging selected device.
1626622: Started receiving data from device
1626629: Received end of data from device
1626629: Received ping response
1627619: Pinging selected device.
1627624: Started receiving data from device
1627630: Received end of data from device
1627630: Received ping response
1628619: Pinging selected device.
1628624: Started receiving data from device
1628631: Received end of data from device
1628631: Received ping response
1629619: Pinging selected device.
1629623: Started receiving data from device
1629630: Received end of data from device
1629630: Received ping response
1630091: Searching for devices.
1630094: Started receiving data from device
1630101: Received end of data from device
1630101: Received search response
1630619: Pinging selected device.
1630622: Started receiving data from device
1630630: Received end of data from device
1630630: Received ping response
1631619: Pinging selected device.
1631623: Started receiving data from device
1631630: Received end of data from device
1631630: Received ping response
1632619: Pinging selected device.
1632623: Started receiving data from device
1632629: Received end of data from device
1632629: Received ping response
1633619: Pinging selected device.
1633623: Started receiving data from device
1633631: Received end of data from device
1633631: Received ping response
SSE client disconnected (slot 2)
1634619: Pinging selected device.
1634623: Started receiving data from device
1634630: Received end of data from device
1634630: Received ping response
1635093: Searching for devices.
1635097: Started receiving data from device
1635103: Received end of data from device
1635103: Received search response
1635619: Pinging selected device.
1635624: Started receiving data from device
1635630: Received end of data from device
1635630: Received ping response
1636619: Pinging selected device.
1636623: Started receiving data from device
1636630: Received end of data from device
1636630: Received ping response
1637619: Pinging selected device.
1637624: Started receiving data from device
1637631: Received end of data from device
1637631: Received ping response
1638619: Pinging selected device.
1638622: Started receiving data from device
1638629: Received end of data from device
1638629: Received ping response
1639619: Pinging selected device.
1639623: Started receiving data from device
1639630: Received end of data from device
1639630: Received ping response
1640093: Searching for devices.
1640097: Started receiving data from device
1640103: Received end of data from device
1640103: Received search response
1640619: Pinging selected device.
1640624: Started receiving data from device
1640631: Received end of data from device
1640631: Received ping response
1641619: Pinging selected device.
1641623: Started receiving data from device
1641630: Received end of data from device
1641630: Received ping response
1642619: Pinging selected device.
1642623: Started receiving data from device
1642630: Received end of data from device
1642630: Received ping response
1643619: Pinging selected device.
1643623: Started receiving data from device
1643630: Received end of data from device
1643630: Received ping response
1644620: Pinging selected device.
1644623: Started receiving data from device
1644630: Received end of data from device
1644630: Received ping response
1645093: Searching for devices.
1645098: Started receiving data from device
1645104: Received end of data from device
1645104: Received search response
1645620: Pinging selected device.
1645625: Started receiving data from device
1645632: Received end of data from device
1645632: Received ping response
1646621: Pinging selected device.
1646625: Started receiving data from device
1646632: Received end of data from device
1646632: Received ping response
1647621: Pinging selected device.
1647626: Started receiving data from device
1647633: Received end of data from device
1647633: Received ping response
1648621: Pinging selected device.
1648625: Started receiving data from device
1648632: Received end of data from device
1648632: Received ping response
1649622: Pinging selected device.
1649625: Started receiving data from device
1649632: Received end of data from device
1649632: Received ping response
1650094: Searching for devices.
1650097: Started receiving data from device
1650104: Received end of data from device
1650104: Received search response
1650622: Pinging selected device.
1650625: Started receiving data from device
1650632: Received end of data from device
1650632: Received ping response
1651622: Pinging selected device.
1651625: Started receiving data from device
1651632: Received end of data from device
1651632: Received ping response
1652623: Pinging selected device.
1652626: Started receiving data from device
1652633: Received end of data from device
1652633: Received ping response
1653629: Pinging selected device.
1653633: Started receiving data from device
1653640: Received end of data from device
1653640: Received ping response
1654630: Pinging selected device.
1654635: Started receiving data from device
1654641: Received end of data from device
1654641: Received ping response
1655094: Searching for devices.
1655098: Started receiving data from device
1655105: Received end of data from device
1655105: Received search response
1655630: Pinging selected device.
1655634: Started receiving data from device
1655641: Received end of data from device
1655641: Received ping response
1656630: Pinging selected device.
1656633: Started receiving data from device
1656640: Received end of data from device
1656640: Received ping response
1657630: Pinging selected device.
1657633: Started receiving data from device
1657640: Received end of data from device
1657640: Received ping response
1658630: Pinging selected device.
1658634: Started receiving data from device
1658641: Received end of data from device
1658641: Received ping response
1659024: HTTP GET / 1659224: HTTP GET /api/events 1659224: Syncing selected device.
SSE client connected (slot 0, socket 5, id 517k5ex1bk74j6k9xfgva5)
1659250: Started receiving data from device
1659524: Received end of data from device
1659524: Received state part 0
1659551: Started receiving data from device
1659630: Pinging selected device.
1659802: Received end of data from device
1659802: Received state part 1
1659802: Started receiving data from device
1659809: Received end of data from device
1659809: Received ping response
1659842: HTTP POST /api/sysex 1660034: Started receiving data from device
1660094: Searching for devices.
1660114: HTTP POST /api/sysex 1660324: Received end of data from device
1660324: Received page dump, slot=0
1660324: Started receiving data from device
1660341: Received end of data from device
1660341: Received search response
1660341: Started receiving data from device
1660369: HTTP POST /api/sysex 1660623: Received end of data from device
1660623: Received page dump, slot=1
1660623: Started receiving data from device
1660625: HTTP POST /api/sysex 1660634: Pinging selected device.
1660887: HTTP POST /api/sysex 1660913: Received end of data from device
1660913: Received page dump, slot=2
1660915: Started receiving data from device
1661148: HTTP POST /api/sysex 1661204: Received end of data from device
1661204: Received page dump, slot=3
1661204: Started receiving data from device
1661218: Received end of data from device
1661218: Received ping response
1661218: Started receiving data from device
1661404: HTTP POST /api/sysex 1661503: Received end of data from device
1661503: Received page dump, slot=4
1661503: Started receiving data from device
1661744: HTTP POST /api/sysex 1661747: Pinging selected device.
1661793: Received end of data from device
1661793: Received page dump, slot=5
1661794: Started receiving data from device
1662000: HTTP POST /api/sysex 1662085: Received end of data from device
1662085: Received page dump, slot=6
1662085: Started receiving data from device
1662255: HTTP POST /api/sysex 1662376: Received end of data from device
1662376: Received page dump, slot=7
1662376: Started receiving data from device
1662385: Received end of data from device
1662385: Received ping response
1662385: Started receiving data from device
1662509: HTTP POST /api/sysex 1662673: Received end of data from device
1662673: Received page dump, slot=8
1662673: Started receiving data from device
1662747: Pinging selected device.
1662764: HTTP POST /api/sysex 1662964: Received end of data from device
1662964: Received page dump, slot=9
1662964: Started receiving data from device
1663255: Received end of data from device
1663255: Received page dump, slot=10
1663255: Started receiving data from device
1663264: Received end of data from device
1663264: Received ping response
1663264: Started receiving data from device
1663485: Received end of data from device
1663485: Received page dump, slot=11
1663747: Pinging selected device.
1663750: Started receiving data from device
1663758: Received end of data from device
1663758: Received ping response
1664747: Pinging selected device.
1664751: Started receiving data from device
1664758: Received end of data from device
1664758: Received ping response
1665094: Searching for devices.
1665097: Started receiving data from device
1665105: Received end of data from device
1665105: Received search response
1665748: Pinging selected device.
1665752: Started receiving data from device
1665759: Received end of data from device
1665759: Received ping response
1666748: Pinging selected device.
1666751: Started receiving data from device
1666758: Received end of data from device
1666758: Received ping response
1667749: Pinging selected device.
1667752: Started receiving data from device
1667760: Received end of data from device
1667760: Received ping response
1668749: Pinging selected device.
1668752: Started receiving data from device
1668759: Received end of data from device
1668759: Received ping response
1669749: Pinging selected device.
1669753: Started receiving data from device
1669760: Received end of data from device
1669760: Received ping response
1670094: Searching for devices.
1670097: Started receiving data from device
1670104: Received end of data from device
1670104: Received search response
1670749: Pinging selected device.
1670753: Started receiving data from device
1670760: Received end of data from device
1670760: Received ping response
1671749: Pinging selected device.
1671753: Started receiving data from device
1671760: Received end of data from device
1671760: Received ping response
1672749: Pinging selected device.
1672753: Started receiving data from device
1672760: Received end of data from device
1672760: Received ping response
1673749: Pinging selected device.
1673753: Started receiving data from device
1673759: Received end of data from device
1673759: Received ping response
1674749: Pinging selected device.
1674752: Started receiving data from device
1674759: Received end of data from device
1674759: Received ping response
1675094: Searching for devices.
1675098: Started receiving data from device
1675105: Received end of data from device
1675105: Received search response
1675750: Pinging selected device.
1675753: Started receiving data from device
1675761: Received end of data from device
1675761: Received ping response
1676750: Pinging selected device.
1676754: Started receiving data from device
1676761: Received end of data from device
1676761: Received ping response
1677750: Pinging selected device.
1677753: Started receiving data from device
1677761: Received end of data from device
1677761: Received ping response
1678750: Pinging selected device.
1678754: Started receiving data from device
1678761: Received end of data from device
1678761: Received ping response
1679750: Pinging selected device.
1679754: Started receiving data from device
1679761: Received end of data from device
1679761: Received ping response
1680094: Searching for devices.
1680098: Started receiving data from device
1680104: Received end of data from device
1680104: Received search response
1680750: Pinging selected device.
1680754: Started receiving data from device
1680762: Received end of data from device
1680762: Received ping response
1681750: Pinging selected device.
1681755: Started receiving data from device
1681761: Received end of data from device
1681761: Received ping response
1682751: Pinging selected device.
1682755: Started receiving data from device
1682762: Received end of data from device
1682762: Received ping response
1683752: Pinging selected device.
1683756: Started receiving data from device
1683763: Received end of data from device
1683763: Received ping response
1684752: Pinging selected device.
1684757: Started receiving data from device
1684763: Received end of data from device
1684763: Received ping response
1685094: Searching for devices.
1685098: Started receiving data from device
1685105: Received end of data from device
1685105: Received search response
1685752: Pinging selected device.
1685757: Started receiving data from device
1685763: Received end of data from device
1685763: Received ping response
1686753: Pinging selected device.
1686757: Started receiving data from device
1686764: Received end of data from device
1686764: Received ping response
1687754: Pinging selected device.
1687758: Started receiving data from device
1687765: Received end of data from device
1687765: Received ping response
1688754: Pinging selected device.
1688759: Started receiving data from device
1688766: Received end of data from device
1688766: Received ping response
1689755: Pinging selected device.
1689760: Started receiving data from device
1689767: Received end of data from device
1689767: Received ping response
1690094: Searching for devices.
1690098: Started receiving data from device
1690105: Received end of data from device
1690105: Received search response
1690755: Pinging selected device.
1690760: Started receiving data from device
1690766: Received end of data from device
1690766: Received ping response
169175